{
    "Avg Population Size": {
        "0": [
            2.438311688311688,
            1.903225806451613,
            2.2007575757575757
        ],
        "1": [
            1.7115384615384615,
            2.863849765258216,
            5.631449631449631
        ]
    },
    "Avg Population Age": {
        "0": [
            10.356834930942075,
            12.063978494623656,
            13.924413780663782
        ],
        "1": [
            11.002518315018316,
            11.549357254638943,
            12.426955074682347
        ]
    },
    "Avg Population Fitness": {
        "0": [
            0.2087107061475748,
            0.21227980080921252,
            0.11792189292189292
        ],
        "1": [
            0.15734676845787957,
            0.3273782685376888,
            0.5074345682513448
        ]
    },
    "Best Population Age": {
        "0": [
            14.064935064935066,
            14.829032258064515,
            18.450757575757574
        ],
        "1": [
            13.436813186813186,
            16.098591549295776,
            21.552825552825553
        ]
    },
    "Avg Number of Attacks": {
        "0": [
            0.6557616986188414,
            0.750268817204301,
            0.5502344877344877
        ],
        "1": [
            0.8589743589743589,
            0.8258774871450927,
            0.5612141066686521
        ]
    },
    "Avg Number of Kills": {
        "0": [
            0.0,
            0.0,
            0.004914004914004914
        ],
        "1": [
            0.0022371364653243847,
            0.0,
            0.002457002457002457
        ]
    },
    "Avg Number of Intra Kills": {
        "0": [
            0.0,
            0.0,
            0.004914004914004914
        ],
        "1": [
            0.0022371364653243847,
            0.0,
            0.002457002457002457
        ]
    },
    "Avg Number of Populations": [
        1.5033557046979866,
        1.2945544554455446,
        1.6486486486486487
    ]
}