{
    "Avg Population Size": {
        "0": [
            2.985148514851485,
            2.2433862433862433,
            2.4056224899598395,
            2.67,
            2.563063063063063
        ],
        "1": [
            4.013761467889908,
            2.7283236994219653,
            2.1299435028248586,
            2.2616822429906542,
            3.710144927536232
        ]
    },
    "Avg Population Age": {
        "0": [
            12.132335376394783,
            12.286331569664904,
            15.19978007267164,
            13.044083333333333,
            13.74963534963535
        ],
        "1": [
            10.754800131061598,
            11.116157445637214,
            10.78436911487759,
            11.922839712208871,
            10.820749486691513
        ]
    },
    "Avg Population Fitness": {
        "0": [
            0.28503369482750923,
            0.275042322668021,
            0.27695582877959934,
            0.34288074888074893,
            0.2853883684960191
        ],
        "1": [
            0.41177995742315315,
            0.24958267615244353,
            0.2331337325349301,
            0.16757073844030362,
            0.35711190119404407
        ]
    },
    "Best Population Age": {
        "0": [
            18.11881188118812,
            16.66137566137566,
            20.602409638554217,
            19.31,
            18.33783783783784
        ],
        "1": [
            16.80275229357798,
            15.83815028901734,
            14.27683615819209,
            14.892523364485982,
            16.67632850241546
        ]
    },
    "Avg Number of Attacks": {
        "0": [
            0.19944994499449947,
            0.04426807760141093,
            0.024899598393574293,
            0.03208333333333333,
            0.043768768768768763
        ],
        "1": [
            0.7737931411096549,
            0.9477291494632535,
            0.9703389830508474,
            0.8045282599020916,
            0.8554544757443308
        ]
    },
    "Avg Number of Kills": {
        "0": [
            0.0035211267605633804,
            0.0,
            0.0,
            0.0,
            0.0
        ],
        "1": [
            0.0035211267605633804,
            0.008064516129032258,
            0.0037313432835820895,
            0.007462686567164179,
            0.010752688172043012
        ]
    },
    "Avg Number of Intra Kills": {
        "0": [
            0.0035211267605633804,
            0.0,
            0.0,
            0.0,
            0.0
        ],
        "1": [
            0.0035211267605633804,
            0.008064516129032258,
            0.0037313432835820895,
            0.007462686567164179,
            0.010752688172043012
        ]
    },
    "Avg Number of Populations": [
        1.4788732394366197,
        1.4596774193548387,
        1.5895522388059702,
        1.544776119402985,
        1.5376344086021505
    ]
}