{
    "Avg Population Size": {
        "0": [
            1.0,
            1.0,
            1.0,
            NaN,
            1.7777777777777777,
            NaN,
            1.0,
            2.95,
            2.6179775280898876,
            1.1,
            1.5833333333333333,
            2.65,
            3.357142857142857,
            NaN,
            1.1428571428571428
        ],
        "1": [
            1.9682539682539681,
            1.0285714285714285,
            1.0,
            1.0,
            NaN,
            NaN,
            1.0,
            1.0,
            2.297872340425532,
            NaN,
            NaN,
            1.6875,
            1.962962962962963,
            1.4310344827586208,
            2.64
        ],
        "2": [
            4.25,
            3.72,
            1.7605633802816902,
            2.15,
            2.036363636363636,
            3.6911764705882355,
            1.0,
            1.6111111111111112,
            2.99,
            3.26,
            2.35,
            1.4941176470588236,
            3.2650602409638556,
            2.1538461538461537,
            NaN
        ]
    },
    "Avg Population Age": {
        "0": [
            11.0,
            9.5,
            14.172413793103448,
            NaN,
            10.606995884773664,
            NaN,
            9.19047619047619,
            10.184666666666667,
            10.678838951310862,
            11.95,
            9.159722222222221,
            10.776166666666668,
            11.668650793650793,
            NaN,
            10.5
        ],
        "1": [
            11.925396825396824,
            9.642857142857142,
            16.0,
            9.0,
            NaN,
            NaN,
            4.0,
            13.027027027027026,
            13.056737588652481,
            NaN,
            NaN,
            6.0,
            15.84979423868313,
            10.956896551724139,
            11.405
        ],
        "2": [
            10.87263888888889,
            12.596666666666668,
            10.814553990610328,
            15.24,
            13.553030303030305,
            12.76778711484594,
            7.0,
            7.361111111111111,
            12.314833333333333,
            14.89016666666667,
            13.607333333333333,
            11.115686274509804,
            12.410843373493975,
            14.494102564102565,
            NaN
        ]
    },
    "Avg Population Fitness": {
        "0": [
            0.0,
            0.0,
            0.007407407407407408,
            NaN,
            0.1072974644403216,
            NaN,
            0.0,
            0.45620089786756457,
            0.22958711262282697,
            0.023809523809523808,
            0.1343137254901961,
            0.2791476521164021,
            0.21768416768416765,
            NaN,
            0.024242424242424242
        ],
        "1": [
            0.07529807357393564,
            0.0,
            0.0,
            0.0,
            NaN,
            NaN,
            0.0,
            0.0,
            0.15854558877814692,
            NaN,
            NaN,
            0.15208333333333335,
            0.14483054483054483,
            0.19005847953216373,
            0.3878333333333332
        ],
        "2": [
            0.4064005913963827,
            0.46774682539682544,
            0.24476650563607086,
            0.3230555555555555,
            0.17597001763668432,
            0.509138655462185,
            0.0,
            0.12222222222222223,
            0.21227139406487233,
            0.559138888888889,
            0.3244722222222222,
            0.10089672232529374,
            0.3716676228724422,
            0.3727513227513228,
            NaN
        ]
    },
    "Best Population Age": {
        "0": [
            11.0,
            9.5,
            14.172413793103448,
            NaN,
            13.469135802469136,
            NaN,
            9.19047619047619,
            15.45,
            14.719101123595506,
            12.4,
            9.833333333333334,
            15.59,
            16.904761904761905,
            NaN,
            11.571428571428571
        ],
        "1": [
            14.476190476190476,
            9.857142857142858,
            16.0,
            9.0,
            NaN,
            NaN,
            4.0,
            13.027027027027026,
            15.063829787234043,
            NaN,
            NaN,
            8.5,
            22.333333333333332,
            13.982758620689655,
            17.47
        ],
        "2": [
            17.5,
            21.02,
            13.80281690140845,
            20.28,
            19.70909090909091,
            20.66176470588235,
            7.0,
            9.5,
            19.08,
            24.32,
            18.92,
            14.423529411764706,
            20.46987951807229,
            18.323076923076922,
            NaN
        ]
    },
    "Avg Number of Attacks": {
        "0": [
            0.5263157894736842,
            0.7222222222222222,
            0.7931034482758621,
            NaN,
            0.7705761316872428,
            NaN,
            0.9047619047619048,
            0.9534999999999999,
            0.9868913857677902,
            0.9,
            0.9814814814814814,
            0.8458333333333334,
            0.9583333333333334,
            NaN,
            0.9714285714285714
        ],
        "1": [
            0.30396825396825394,
            0.3142857142857143,
            0.0967741935483871,
            0.11764705882352941,
            NaN,
            NaN,
            0.0,
            0.02702702702702703,
            0.1347517730496454,
            NaN,
            NaN,
            0.041666666666666664,
            0.5823045267489713,
            0.5431034482758621,
            0.025
        ],
        "2": [
            0.38592460317460314,
            0.1653333333333333,
            0.03990610328638497,
            0.023000000000000003,
            0.2424242424242424,
            0.06386554621848739,
            0.0,
            0.19444444444444445,
            0.6058333333333333,
            0.0425,
            0.03333333333333333,
            0.02745098039215686,
            0.013052208835341365,
            0.6153846153846154,
            NaN
        ]
    },
    "Avg Number of Kills": {
        "0": [
            0.0,
            0.0,
            0.012195121951219513,
            0.0,
            0.0,
            0.0,
            0.0,
            0.0,
            0.01,
            0.0,
            0.0,
            0.01,
            0.0,
            0.0,
            0.0
        ],
        "1": [
            0.0,
            0.0,
            0.0,
            0.0,
            0.0,
            0.0,
            0.0,
            0.0,
            0.0,
            0.0,
            0.0,
            0.0,
            0.01,
            0.0,
            0.0
        ],
        "2": [
            0.01,
            0.0,
            0.0,
            0.0,
            0.0,
            0.0,
            0.0,
            0.0,
            0.0,
            0.0,
            0.0,
            0.0,
            0.0,
            0.0,
            0.0
        ]
    },
    "Avg Number of Intra Kills": {
        "0": [
            0.0,
            0.0,
            0.012195121951219513,
            0.0,
            0.0,
            0.0,
            0.0,
            0.0,
            0.01,
            0.0,
            0.0,
            0.01,
            0.0,
            0.0,
            0.0
        ],
        "1": [
            0.0,
            0.0,
            0.0,
            0.0,
            0.0,
            0.0,
            0.0,
            0.0,
            0.0,
            0.0,
            0.0,
            0.0,
            0.01,
            0.0,
            0.0
        ],