{
    "Avg Population Size": {
        "0": [
            1.9342629482071714,
            1.7502883506343712,
            2.228878648233487,
            1.4052631578947368,
            1.9928846153846154
        ],
        "1": []
    },
    "Avg Population Age": {
        "0": [
            10.940904635426548,
            11.157752512769813,
            10.568433179723502,
            10.912748538011696,
            10.753168359418357
        ],
        "1": []
    },
    "Avg Population Fitness": {
        "0": [
            0.20021673847316707,
            0.13610819790879314,
            0.29157364341085273,
            0.07907797270955166,
            0.10377085365360274
        ],
        "1": []
    },
    "Best Population Age": {
        "0": [
            16.52191235059761,
            16.356401384083046,
            15.12442396313364,
            15.126315789473685,
            16.646153846153847
        ],
        "1": []
    },
    "Avg Number of Attacks": {
        "0": [
            0.760670018339341,
            0.9479156368429724,
            0.9404761904761904,
            0.9628654970760233,
            0.9611797924297925
        ],
        "1": []
    },
    "Avg Number of Kills": {
        "0": [
            0.0,
            0.006920415224913495,
            0.0,
            0.0,
            0.0
        ],
        "1": []
    },
    "Avg Number of Intra Kills": {
        "0": [
            0.0,
            0.006920415224913495,
            0.0,
            0.0,
            0.0
        ],
        "1": []
    },
    "Avg Number of Populations": [
        1.9282868525896415,
        1.9757785467128028,
        1.5299539170506913,
        1.7719298245614035,
        2.5846153846153848
    ]
}