{
    "Avg Population Size": {
        "0": [
            1.0,
            2.6564885496183206,
            3.232365145228216,
            2.254335260115607,
            4.183333333333334
        ],
        "1": [
            1.1973684210526316,
            1.1025641025641026,
            2.038095238095238,
            1.144,
            1.4583333333333333
        ],
        "2": [
            2.7928994082840237,
            3.061111111111111,
            2.8743169398907105,
            3.0733333333333333,
            2.05625
        ]
    },
    "Avg Population Age": {
        "0": [
            12.887323943661972,
            15.827989821882948,
            14.192017387868013,
            14.05,
            13.452173280423281
        ],
        "1": [
            10.125,
            9.282051282051283,
            10.994047619047619,
            10.776,
            10.43923611111111
        ],
        "2": [
            9.965131022823329,
            11.321296296296298,
            11.226346604215458,
            12.409841269841273,
            11.75
        ]
    },
    "Avg Population Fitness": {
        "0": [
            0.0,
            0.4002991452991453,
            0.3138651913220879,
            0.3149919690098261,
            0.48983550975533485
        ],
        "1": [
            0.07534246575342465,
            0.02252252252252252,
            0.1282278832278832,
            0.019637855142056824,
            0.06019261637239165
        ],
        "2": [
            0.37883281056933743,
            0.5348314606741573,
            0.22709761303511303,
            0.3025526401036605,
            0.11332314457314456
        ]
    },
    "Best Population Age": {
        "0": [
            12.887323943661972,
            22.519083969465647,
            22.20746887966805,
            19.69942196531792,
            23.46
        ],
        "1": [
            10.618421052631579,
            10.307692307692308,
            14.50952380952381,
            11.656,
            11.96875
        ],
        "2": [
            14.29585798816568,
            16.266666666666666,
            16.153005464480874,
            17.206666666666667,
            16.33125
        ]
    },
    "Avg Number of Attacks": {
        "0": [
            0.38028169014084506,
            0.09020356234096692,
            0.03195514720410986,
            0.01878612716763006,
            0.06363095238095237
        ],
        "1": [
            0.625,
            0.7564102564102564,
            0.9607142857142857,
            0.992,
            0.9756944444444443
        ],
        "2": [
            0.8958298112144265,
            0.9270370370370371,
            0.8422066094197239,
            0.5231031746031746,
            0.51375
        ]
    },
    "Avg Number of Kills": {
        "0": [
            0.0,
            0.0,
            0.0,
            0.0,
            0.0
        ],
        "1": [
            0.0,
            0.0,
            0.006666666666666667,
            0.0037174721189591076,
            0.0
        ],
        "2": [
            0.0,
            0.0,
            0.01,
            0.0,
            0.0033333333333333335
        ]
    },
    "Avg Number of Intra Kills": {
        "0": [
            0.0,
            0.0,
            0.0,
            0.0,
            0.0
        ],
        "1": [
            0.0,
            0.0,
            0.006666666666666667,
            0.0037174721189591076,
            0.0
        ],
        "2": [
            0.0,
            0.0,
            0.01,
            0.0,
            0.0033333333333333335
        ]
    },
    "Avg Number of Populations": [
        1.3562231759656653,
        1.1666666666666667,
        2.1133333333333333,
        1.6654275092936803,
        1.8533333333333333
    ]
}