{
    "Avg Population Size": {
        "0": [
            1.1224489795918366,
            1.0,
            1.0930232558139534,
            2.390625,
            5.9,
            4.117021276595745,
            1.1,
            5.69,
            8.93,
            6.71,
            2.04,
            1.0,
            1.0,
            NaN,
            1.1333333333333333
        ],
        "1": [
            1.71875,
            4.44,
            4.043478260869565,
            NaN,
            2.5,
            1.5833333333333333,
            1.5384615384615385,
            NaN,
            1.3846153846153846,
            4.47,
            1.7,
            NaN,
            NaN,
            1.4814814814814814,
            1.68
        ],
        "2": [
            1.3111111111111111,
            2.842857142857143,
            1.372340425531915,
            2.3043478260869565,
            5.62,
            1.625,
            1.0,
            6.136363636363637,
            4.088888888888889,
            1.0,
            1.05,
            4.08,
            3.2291666666666665,
            NaN,
            1.127659574468085
        ]
    },
    "Avg Population Age": {
        "0": [
            10.244897959183673,
            8.5,
            10.418604651162791,
            9.622228422619049,
            14.516805555555555,
            16.654272205336035,
            5.05,
            12.434357142857142,
            11.982498070556893,
            14.271482323232327,
            18.213333333333335,
            1.0,
            11.0,
            NaN,
            7.133333333333334
        ],
        "1": [
            8.546875,
            12.599869047619046,
            12.559472049689441,
            NaN,
            11.599242424242425,
            9.5,
            10.487179487179485,
            NaN,
            5.461538461538462,
            13.22488492063492,
            11.910833333333333,
            NaN,
            NaN,
            10.5,
            10.806666666666667
        ],
        "2": [
            10.71111111111111,
            11.106666666666666,
            12.77127659574468,
            11.859989648033125,
            13.547575396825401,
            11.379166666666666,
            13.5,
            11.010521612226158,
            12.91989417989418,
            5.5,
            13.541666666666666,
            13.845261904761905,
            16.305555555555557,
            NaN,
            10.46808510638298
        ]
    },
    "Avg Population Fitness": {
        "0": [
            0.028368794326241134,
            0.0,
            0.031746031746031744,
            0.1821013663755599,
            0.24619649356491471,
            0.43281630898652174,
            0.05,
            0.3074976858302285,
            0.6083836329474943,
            0.3238436130975959,
            0.15328798185941045,
            0.0,
            0.0,
            NaN,
            0.04444444444444444
        ],
        "1": [
            0.18142076502732235,
            0.3785639324600364,
            0.3618844592100406,
            NaN,
            0.1093642824412055,
            0.12500000000000003,
            0.20512820512820512,
            NaN,
            0.038461538461538464,
            0.18652261082531263,
            0.07152777777777777,
            NaN,
            NaN,
            0.2037037037037037,
            0.20861678004535145
        ],
        "2": [
            0.06507936507936508,
            0.18049006549006547,
            0.0930864197530864,
            0.14308185501367324,
            0.27775429938351287,
            0.06895694395694396,
            0.0,
            0.24829392045525486,
            0.2318352334799703,
            0.0,
            0.008333333333333333,
            0.6561904761904762,
            0.45653604497354494,
            NaN,
            0.044444444444444446
        ]
    },
    "Best Population Age": {
        "0": [
            11.0,
            8.5,
            11.30232558139535,
            14.765625,
            28.21,
            26.75531914893617,
            5.5,
            24.09,
            24.0,
            29.02,
            22.72,
            1.0,
            11.0,
            NaN,
            8.0
        ],
        "1": [
            11.4375,
            20.27,
            18.17391304347826,
            NaN,
            15.522727272727273,
            11.833333333333334,
            13.192307692307692,
            NaN,
            7.0,
            21.24,
            12.975,
            NaN,
            NaN,
            12.185185185185185,
            13.26
        ],
        "2": [
            11.644444444444444,
            17.142857142857142,
            15.446808510638299,
            14.76086956521739,
            26.99,
            13.6,
            13.5,
            21.261363636363637,
            20.4,
            5.5,
            14.166666666666666,
            26.02,
            22.958333333333332,
            NaN,
            11.361702127659575
        ]
    },
    "Avg Number of Attacks": {
        "0": [
            0.3673469387755102,
            0.375,
            0.13953488372093023,
            0.1402715773809524,
            0.052127344877344876,
            0.03882978723404255,
            0.0,
            0.021059523809523806,
            0.023938242313242312,
            0.020012265512265516,
            0.0,
            0.0,
            0.0,
            NaN,
            0.0
        ],
        "1": [
            0.5729166666666667,
            0.7051071428571428,
            0.6914855072463768,
            NaN,
            0.04356060606060606,
            0.5833333333333334,
            0.9807692307692307,
            NaN,
            0.0,
            0.4226547619047618,
            0.9483333333333333,
            NaN,
            NaN,
            0.9629629629629629,
            0.9733333333333333
        ],
        "2": [
            0.3,
            0.22261904761904763,
            0.16489361702127658,
            0.10942028985507246,
            0.027884920634920634,
            0.03333333333333333,
            0.0,
            0.026258116883116887,
            0.01873015873015873,
            0.16666666666666666,
            0.025,
            0.030547619047619046,
            0.030208333333333334,
            NaN,
            0.0425531914893617
        ]
    },
    "Avg Number of Kills": {
        "0": [
            0.0,
            0.0,
            0.0,
            0.0,
            0.01,
            0.0,
            0.0,
            0.01,
            0.0,
            0.0,
            0.0,
            0.0,
            0.0,
            0.0,
            0.0
        ],
        "1": [
            0.0,
            0.0,
            0.01,
            0.0,
            0.0,
            0.0,
            0.0,
            0.0,
            0.0,
            0.0,
            0.0,
            0.0,
            0.0,
            0.0,
            0.0
        ],
        "2": [
            0.0,
            0.0,
            0.0,
            0.0,
            0.0,
            0.0,
            0.0,
            0.0,
            0.0,
            0.0,
            0.0,
            0.0,
            0.0,
            0.0,
            0.0
        ]
    },
    "Avg Number of Intra Kills": {
        "0": [
            0.0,
            0.0,
            0.0,
            0.0,
            0.01,
            0.0,
            0.0,
            0.01,
            0.0,
            0.0,
            0.0,
            0.0,
            0.0,
            0.0,
            0.0
        ],
        "1": [
            0.0,
            0.0,
            0.01,
            0.0,
            0.0,
            0.0,
            0.0,
            0.0,
            0.0,
            0.0,
            0.0,
            0.0,
            0.0,
            0.0,
            0.0
        ],