{
    "Avg Population Size": {
        "0": [
            2.4857142857142858,
            2.7313432835820897,
            1.744047619047619,
            2.758974358974359,
            1.0
        ],
        "1": [
            2.91324200913242,
            1.422077922077922,
            2.516304347826087,
            3.3793103448275863,
            2.111111111111111
        ],
        "2": [
            4.0,
            5.856617647058823,
            2.7443946188340806,
            5.348591549295775,
            10.866666666666667
        ]
    },
    "Avg Population Age": {
        "0": [
            10.967047619047618,
            10.419758351101635,
            10.0609410430839,
            11.376446886446884,
            5.0
        ],
        "1": [
            11.989182430963252,
            11.718614718614718,
            13.917391304347827,
            11.160682357234082,
            12.466941015089164
        ],
        "2": [
            9.8189400921659,
            12.086111111111112,
            13.045077941490499,
            14.09410472156951,
            14.822605605451193
        ]
    },
    "Avg Population Fitness": {
        "0": [
            0.20407046657046654,
            0.13758433788433785,
            0.11161091018685954,
            0.14710365892916008,
            0.0
        ],
        "1": [
            0.2636032512844107,
            0.07153421160270475,
            0.252496000670158,
            0.1882859188073912,
            0.08342191452485569
        ],
        "2": [
            0.30909863292253825,
            0.4612466669663232,
            0.22770002359625,
            0.423265825092035,
            0.6575444288586118
        ]
    },
    "Best Population Age": {
        "0": [
            15.377142857142857,
            14.343283582089553,
            12.613095238095237,
            15.815384615384616,
            5.0
        ],
        "1": [
            17.78082191780822,
            13.974025974025974,
            20.41304347826087,
            17.155172413793103,
            16.691358024691358
        ],
        "2": [
            14.251612903225807,
            20.53676470588235,
            19.013452914798208,
            25.975352112676056,
            32.46666666666667
        ]
    },
    "Avg Number of Attacks": {
        "0": [
            0.7724761904761905,
            0.9638592750533048,
            0.9791099773242632,
            0.9716951566951567,
            0.6666666666666666
        ],
        "1": [
            0.40090780604479237,
            0.4902597402597403,
            0.23740942028985507,
            0.25627394636015327,
            0.21522633744855965
        ],
        "2": [
            0.8149583391518875,
            0.5978487607164077,
            0.5084774717061713,
            0.39482589984350547,
            0.16598868669456907
        ]
    },
    "Avg Number of Kills": {
        "0": [
            0.003472222222222222,
            0.0,
            0.0,
            0.006666666666666667,
            0.0
        ],
        "1": [
            0.0,
            0.0,
            0.0070921985815602835,
            0.0033333333333333335,
            0.006666666666666667
        ],
        "2": [
            0.003472222222222222,
            0.0,
            0.0035460992907801418,
            0.0033333333333333335,
            0.01
        ]
    },
    "Avg Number of Intra Kills": {
        "0": [
            0.003472222222222222,
            0.0,
            0.0,
            0.006666666666666667,
            0.0
        ],
        "1": [
            0.0,
            0.0,
            0.0070921985815602835,
            0.0033333333333333335,
            0.006666666666666667
        ],
        "2": [
            0.003472222222222222,
            0.0,
            0.0035460992907801418,
            0.0033333333333333335,
            0.006666666666666667
        ]
    },
    "Avg Number of Populations": [
        1.90625,
        1.9858156028368794,
        2.0390070921985815,
        2.1766666666666667,
        1.84
    ]
}