{
    "Avg Population Size": {
        "0": [
            1.2448979591836735,
            1.925,
            1.42,
            8.14,
            6.82,
            2.11,
            1.2702702702702702,
            3.264367816091954,
            1.2619047619047619,
            1.9850746268656716,
            4.33,
            8.05,
            6.92,
            1.6610169491525424,
            NaN
        ],
        "1": [
            1.988235294117647,
            2.473684210526316,
            1.8636363636363635,
            1.9871794871794872,
            5.89,
            8.58,
            4.138461538461539,
            1.3953488372093024,
            NaN,
            1.2467532467532467,
            1.0909090909090908,
            1.5238095238095237,
            2.0,
            8.94,
            9.78
        ],
        "2": [
            4.29,
            1.96875,
            1.1428571428571428,
            NaN,
            1.6341463414634145,
            1.0,
            1.3265306122448979,
            NaN,
            2.05,
            1.93,
            1.0,
            NaN,
            1.1785714285714286,
            5.88,
            3.8358208955223883
        ]
    },
    "Avg Population Age": {
        "0": [
            10.755102040816327,
            9.9,
            9.23,
            13.38510628260628,
            14.761623680241328,
            12.191666666666665,
            9.662162162162161,
            12.635946907498631,
            10.345238095238095,
            9.773631840796021,
            14.452452380952382,
            13.696525169275171,
            12.532857142857143,
            11.497175141242936,
            NaN
        ],
        "1": [
            11.528431372549019,
            11.871052631578948,
            10.176767676767676,
            11.149572649572649,
            12.823592907092907,
            13.617474247974249,
            11.815164835164834,
            10.5,
            NaN,
            10.084415584415584,
            5.545454545454546,
            11.873015873015873,
            14.155092592592593,
            11.205886724386723,
            11.558884726384726
        ],
        "2": [
            11.255357142857143,
            13.748697916666668,
            10.5,
            NaN,
            11.975609756097562,
            11.609756097560975,
            9.683673469387756,
            NaN,
            9.288888888888888,
            11.435833333333333,
            17.5,
            NaN,
            8.875,
            12.669773254523257,
            13.168941009239518
        ]
    },
    "Avg Population Fitness": {
        "0": [
            0.03268633540372671,
            0.10525525525525527,
            0.07118055555555557,
            0.6263268943358229,
            0.34921040954762284,
            0.0971243045262653,
            0.0868544600938967,
            0.3680934253546379,
            0.05625,
            0.1764928193499622,
            0.6470873015873014,
            0.6471773660682753,
            0.5667655541979699,
            0.056024993524993516,
            NaN
        ],
        "1": [
            0.1319789606826644,
            0.16026785714285716,
            0.2063247863247863,
            0.08467289752501019,
            0.2317044184547616,
            0.48309643105623506,
            0.4205937083828239,
            0.04972222222222222,
            NaN,
            0.05291005291005291,
            0.012987012987012986,
            0.06342052486120282,
            0.12418125352907962,
            0.17430724447013982,
            0.5741727862447356
        ],
        "2": [
            0.3853926706577664,
            0.12516012252854358,
            0.04411764705882353,
            NaN,
            0.036499598282165556,
            0.0,
            0.03818342151675485,
            NaN,
            0.2189814814814815,
            0.19957784532252618,
            0.0,
            NaN,
            0.016152263374485595,
            0.18150069941877078,
            0.16831952962757918
        ]
    },
    "Best Population Age": {
        "0": [
            12.591836734693878,
            13.1,
            10.8,
            29.21,
            26.82,
            16.45,
            11.013513513513514,
            19.632183908045977,
            11.523809523809524,
            13.880597014925373,
            25.57,
            29.52,
            22.78,
            13.88135593220339,
            NaN
        ],
        "1": [
            15.023529411764706,
            17.32894736842105,
            12.878787878787879,
            15.243589743589743,
            22.14,
            27.88,
            18.70769230769231,
            12.767441860465116,
            NaN,
            11.545454545454545,
            6.0,
            14.365079365079366,
            17.958333333333332,
            20.47,
            23.32
        ],
        "2": [
            19.03,
            17.296875,
            11.571428571428571,
            NaN,
            14.707317073170731,
            11.609756097560975,
            10.795918367346939,
            NaN,
            12.3,
            16.02,
            17.5,
            NaN,
            10.214285714285714,
            24.39,
            20.80597014925373
        ]
    },
    "Avg Number of Attacks": {
        "0": [
            0.6224489795918368,
            0.6125,
            0.73,
            0.14695754245754244,
            0.1458312324929972,
            0.35166666666666674,
            0.8986486486486487,
            0.7,
            0.9523809523809523,
            0.8109452736318409,
            0.41340476190476183,
            0.1872828282828283,
            0.44892063492063494,
            0.5338983050847458,
            NaN
        ],
        "1": [
            0.626470588235294,
            0.7962719298245614,
            0.9166666666666666,
            0.6987179487179487,
            0.4031129148629148,
            0.44418648018648016,
            0.9325641025641026,
            0.9418604651162791,
            NaN,
            0.9675324675324676,
            1.0,
            0.30952380952380953,
            0.6898148148148148,
            0.8016137751137752,
            0.5878422272172271
        ],
        "2": [
            0.3691031746031746,
            0.46744791666666663,
            0.9857142857142858,
            NaN,
            0.14634146341463414,
            0.024390243902439025,
            0.7346938775510204,
            NaN,
            0.9472222222222223,
            0.84,
            1.0,
            NaN,
            1.0,
            0.48492243867243856,
            0.9390191897654584
        ]
    },
    "Avg Number of Kills": {
        "0": [
            0.0,
            0.0,
            0.0,
            0.0,
            0.01,
            0.0,
            0.0,
            0.0,
            0.0,
            0.0,
            0.01,
            0.0,
            0.0,
            0.0,
            0.0
        ],
        "1": [
            0.01,
            0.011494252873563218,
            0.0,
            0.0,
            0.03,
            0.05,
            0.0,
            0.0,
            0.0,
            0.0,
            0.0,
            0.0,
            0.02,
            0.03,
            0.02
        ],
        "2": [
            0.01,
            0.0,
            0.0,
            0.0,
            0.0,
            0.0,
            0.0,
            0.0,
            0.0,
            0.01,
            0.0,
            0.0,
            0.0,
            0.03,
            0.01
        ]
    },
    "Avg Number of Intra Kills": {
        "0": [
            0.0,
            0.0,
            0.0,
            0.0,
            0.01,
            0.0,
            0.0,
            0.0,
            0.0,
            0.0,
            0.01,
            0.0,
            0.0,
            0.0,
            0.0
        ],