{
    "Avg Population Size": {
        "0": [
            1.3775510204081634,
            1.3488372093023255,
            1.434782608695652,
            2.414814814814815,
            1.9175257731958764
        ],
        "1": [
            1.6759259259259258,
            3.095744680851064,
            1.980891719745223,
            1.284153005464481,
            3.737864077669903
        ],
        "2": [
            2.1496598639455784,
            3.2775800711743774,
            1.3712574850299402,
            3.832460732984293,
            5.894736842105263
        ]
    },
    "Avg Population Age": {
        "0": [
            10.916666666666668,
            12.36046511627907,
            9.329710144927533,
            11.988253968253968,
            14.314432989690722
        ],
        "1": [
            12.276234567901234,
            12.184802431610942,
            10.623673036093418,
            11.969945355191257,
            12.781715210355982
        ],
        "2": [
            11.128684807256237,
            11.386892052194543,
            11.106786427145709,
            10.39444595544072,
            11.397029505582136
        ]
    },
    "Avg Population Fitness": {
        "0": [
            0.10902031063321387,
            0.06891369047619048,
            0.07399891774891774,
            0.27459702227144084,
            0.3428819444444444
        ],
        "1": [
            0.09750233426704014,
            0.25174045160000214,
            0.21575661375661373,
            0.06552885173574828,
            0.5257469654528478
        ],
        "2": [
            0.2530684104627766,
            0.3146631297932413,
            0.06870535714285714,
            0.29656553795752594,
            0.5332518209646399
        ]
    },
    "Best Population Age": {
        "0": [
            12.13265306122449,
            13.36046511627907,
            11.217391304347826,
            15.762962962962963,
            19.927835051546392
        ],
        "1": [
            14.472222222222221,
            18.382978723404257,
            14.248407643312103,
            13.994535519125684,
            19.50485436893204
        ],
        "2": [
            14.741496598639456,
            17.02135231316726,
            13.089820359281438,
            14.827225130890053,
            18.092105263157894
        ]
    },
    "Avg Number of Attacks": {
        "0": [
            0.25510204081632654,
            0.11046511627906977,
            0.04528985507246376,
            0.43772486772486774,
            0.47766323024054985
        ],
        "1": [
            0.33101851851851855,
            0.10474924012158054,
            0.041401273885350316,
            0.1557377049180328,
            0.05591770688858067
        ],
        "2": [
            0.5090702947845804,
            0.8073801050669379,
            0.7035928143712575,
            0.7525345073774392,
            0.9515032847269689
        ]
    },
    "Avg Number of Kills": {
        "0": [
            0.0,
            0.0,
            0.0,
            0.0,
            0.0
        ],
        "1": [
            0.0,
            0.0,
            0.0,
            0.0,
            0.0
        ],
        "2": [
            0.0,
            0.003355704697986577,
            0.0,
            0.016778523489932886,
            0.004048582995951417
        ]
    },
    "Avg Number of Intra Kills": {
        "0": [
            0.0,
            0.0,
            0.0,
            0.0,
            0.0
        ],
        "1": [
            0.0,
            0.0,
            0.0,
            0.0,
            0.0
        ],
        "2": [
            0.0,
            0.003355704697986577,
            0.0,
            0.016778523489932886,
            0.004048582995951417
        ]
    },
    "Avg Number of Populations": [
        1.7053140096618358,
        1.8624161073825503,
        1.7627118644067796,
        1.7080536912751678,
        1.1174089068825912
    ]
}