{
    "Avg Population Size": {
        "0": [
            2.248587570621469,
            2.1159420289855073,
            4.428571428571429
        ],
        "1": [
            5.238,
            4.0,
            3.6873449131513647
        ]
    },
    "Avg Population Age": {
        "0": [
            10.687382297551789,
            11.095410628019323,
            12.551800432551039
        ],
        "1": [
            12.87613263958264,
            13.794286457752499,
            13.426312300878058
        ]
    },
    "Avg Population Fitness": {
        "0": [
            0.1433368693073662,
            0.13462919407801296,
            0.3783701574525793
        ],
        "1": [
            0.4592492576929762,
            0.4945858240246601,
            0.2532922542641523
        ]
    },
    "Best Population Age": {
        "0": [
            14.497175141242938,
            14.76086956521739,
            20.595641646489103
        ],
        "1": [
            21.664,
            22.59953161592506,
            20.774193548387096
        ]
    },
    "Avg Number of Attacks": {
        "0": [
            0.8435969868173258,
            0.947463768115942,
            0.1694859351033685
        ],
        "1": [
            0.3811160672660673,
            0.18964536634325863,
            0.13327467266673224
        ]
    },
    "Avg Number of Kills": {
        "0": [
            0.002,
            0.0,
            0.006024096385542169
        ],
        "1": [
            0.012,
            0.0,
            0.0
        ]
    },
    "Avg Number of Intra Kills": {
        "0": [
            0.002,
            0.0,
            0.006024096385542169
        ],
        "1": [
            0.012,
            0.0,
            0.0
        ]
    },
    "Avg Number of Populations": [
        1.708,
        1.275395033860045,
        1.6385542168674698
    ]
}