{
    "Avg Population Size": {
        "0": [
            3.8482758620689657,
            1.2121212121212122,
            3.7197452229299364,
            4.443333333333333,
            3.188775510204082
        ],
        "1": [
            11.67,
            18.95,
            13.816666666666666,
            8.75,
            9.616666666666667
        ]
    },
    "Avg Population Age": {
        "0": [
            12.456398343036271,
            10.5,
            10.549091001001829,
            13.658817099567102,
            12.348645529640429
        ],
        "1": [
            12.827953135226199,
            14.647948015250536,
            14.237336479356854,
            13.818795870161482,
            13.694872750074392
        ]
    },
    "Avg Population Fitness": {
        "0": [
            0.16449244594715934,
            0.00943073289496852,
            0.09159633607013244,
            0.20678599653595536,
            0.15586756094970025
        ],
        "1": [
            0.5007911552161786,
            0.8296779706301726,
            0.6860032410203126,
            0.3347431248357381,
            0.5337322091588373
        ]
    },
    "Best Population Age": {
        "0": [
            19.55862068965517,
            11.136363636363637,
            15.949044585987261,
            23.65,
            19.23469387755102
        ],
        "1": [
            28.67,
            33.75,
            31.846666666666668,
            28.296666666666667,
            26.893333333333334
        ]
    },
    "Avg Number of Attacks": {
        "0": [
            0.8546973428869981,
            0.9696969696969697,
            0.9811265521456604,
            0.4314525012025012,
            0.38871882086167797
        ],
        "1": [
            0.12817808472119954,
            0.025733807677242038,
            0.027588321861205158,
            0.038865049118582566,
            0.03208149753520934
        ]
    },
    "Avg Number of Kills": {
        "0": [
            0.03,
            0.0,
            0.03,
            0.03333333333333333,
            0.01
        ],
        "1": [
            0.016666666666666666,
            0.02,
            0.013333333333333334,
            0.0,
            0.006666666666666667
        ]
    },
    "Avg Number of Intra Kills": {
        "0": [
            0.03,
            0.0,
            0.03,
            0.03333333333333333,
            0.01
        ],
        "1": [
            0.016666666666666666,
            0.02,
            0.013333333333333334,
            0.0,
            0.006666666666666667
        ]
    },
    "Avg Number of Populations": [
        1.9666666666666666,
        1.22,
        1.5233333333333334,
        2.0,
        1.6533333333333333
    ]
}