{
    "Avg Population Size": {
        "0": [
            3.2653061224489797,
            1.9193548387096775,
            3.1194029850746268,
            3.1878172588832485,
            3.579234972677596,
            2.387596899224806,
            2.541176470588235,
            1.9399141630901287,
            2.9533678756476682,
            2.4893617021276597,
            2.0291970802919708,
            3.2688172043010755,
            2.0,
            2.6995073891625614,
            1.4114285714285715,
            1.2248062015503876,
            2.0454545454545454,
            1.6153846153846154,
            2.926829268292683,
            1.553191489361702,
            1.305699481865285,
            1.5408163265306123,
            1.8682634730538923,
            2.3372093023255816,
            1.5374149659863945,
            1.5928571428571427,
            1.4130434782608696,
            1.1343283582089552,
            1.9425287356321839,
            1.9166666666666667,
            2.942622950819672,
            1.8651685393258426,
            1.6483516483516483
        ],
        "1": [
            3.012396694214876,
            3.8577777777777778,
            2.280334728033473,
            9.196808510638299,
            17.05,
            15.783333333333333,
            19.623333333333335,
            17.576666666666668,
            20.153333333333332,
            16.536666666666665,
            24.93,
            20.85,
            19.13,
            24.85333333333333,
            36.70333333333333,
            34.56333333333333,
            26.18,
            21.846666666666668,
            25.456666666666667,
            18.386666666666667,
            19.123333333333335,
            21.626666666666665,
            21.93,
            25.036666666666665,
            23.333333333333332,
            24.04,
            19.686666666666667,
            25.773333333333333,
            20.403333333333332,
            23.773333333333333,
            16.05,
            16.253333333333334,
            21.303333333333335
        ]
    },
    "Avg Population Age": {
        "0": [
            11.073673469387755,
            10.994959677419354,
            10.293644870883677,
            10.464684554024657,
            11.048531962876226,
            10.927777777777779,
            10.201764705882354,
            11.297424892703864,
            10.664970392302,
            11.32725430597771,
            9.570559610705596,
            11.33609831029186,
            10.480761316872428,
            10.36597466572836,
            10.158095238095237,
            10.604651162790697,
            9.352272727272727,
            10.177307692307691,
            11.701296941540843,
            9.570921985815602,
            10.985319516407598,
            10.345238095238095,
            10.622754491017965,
            8.964147286821706,
            9.66326530612245,
            9.357142857142858,
            9.775362318840578,
            9.335820895522389,
            9.954310344827586,
            8.901234567901234,
            10.591949648711944,
            12.174906367041197,
            10.348940345368918
        ],
        "1": [
            10.91156040928768,
            11.616036556036557,
            11.890864714086472,
            12.509327986401932,
            14.095991143408591,
            14.514213240211726,
            15.495649601806669,
            15.685696763282388,
            15.565023319116165,
            15.358006063452079,
            15.38798247875433,
            15.894207622328777,
            15.92817499753628,
            16.076276953136713,
            15.19832501633576,
            15.723389482350028,
            16.31094576375557,
            15.50640779337998,
            15.722259457799012,
            16.923489915111027,
            16.009723310287903,
            15.577538054264597,
            15.958254270997125,
            15.959428721066082,
            15.369138311729378,
            15.723626105187401,
            15.823072478665429,
            15.64427973768164,
            15.739387908435498,
            15.64030279299618,
            16.152965672081987,
            15.583229603447375,
            15.526127703719542
        ]
    },
    "Avg Population Fitness": {
        "0": [
            0.26364056747035475,
            0.2269577703620257,
            0.29474671378968254,
            0.3609638355291157,
            0.13518060727615855,
            0.08137393195984768,
            0.07482896562508726,
            0.0474798896950565,
            0.07644651490626657,
            0.09076032493819755,
            0.04595766555130867,
            0.08449416697906134,
            0.04727971713703306,
            0.08226111799827064,
            0.01206222442127705,
            0.006973935088609073,
            0.07407684299378545,
            0.022907664416130517,
            0.05703330628891032,
            0.027098476293140324,
            0.014025943623355186,
            0.01862825138704941,
            0.046801156185003176,
            0.05533074770541176,
            0.026001318422589088,
            0.025956532206416867,
            0.01386422653635816,
            0.006364273342202035,
            0.04429931718932323,
            0.03584885690670998,
            0.09245707760999572,
            0.046430416021059295,
            0.037400383828933376
        ],
        "1": [
            0.20114668665822752,
            0.3923162475724459,
            0.20351677805625173,
            0.4720823933533428,
            0.692255044198787,
            0.7779309263959182,
            0.7565810495908146,
            0.7322305373418704,
            0.7248647266336051,
            0.718038453947082,
            0.8101295780009132,
            0.7196341999145329,
            0.7875904729013832,
            0.7336905298142256,
            0.839334776374943,
            0.8561302800316039,
            0.8228615413108245,
            0.8237122391434543,
            0.8083069454787062,
            0.8504690377377419,
            0.8042087195795866,
            0.8376877541572524,
            0.7934325591147487,
            0.8286632085654065,
            0.8210185894653299,
            0.8178645356037649,
            0.8468882160378324,
            0.8610207284548624,
            0.7856836407904387,
            0.830611427746602,
            0.6577750822983937,
            0.8114879503733433,
            0.7815961196457114
        ]
    },
    "Best Population Age": {
        "0": [
            17.089795918367347,
            13.879032258064516,
            14.634328358208956,
            15.898477157360405,
            16.530054644808743,
            15.65891472868217,
            15.123529411764705,
            14.6137339055794,
            15.341968911917098,
            15.803191489361701,
            12.664233576642335,
            17.86021505376344,
            13.253086419753087,
            13.467980295566502,
            12.09142857142857,
            12.124031007751938,
            12.943181818181818,
            12.76923076923077,
            16.617886178861788,
            11.553191489361701,
            12.870466321243523,
            12.928571428571429,
            14.568862275449101,
            12.511627906976743,
            12.047619047619047,
            11.214285714285714,
            11.706521739130435,
            10.074626865671641,
            12.545977011494253,
            11.907407407407407,
            16.03688524590164,
            16.39325842696629,
            12.351648351648352
        ],