{
    "Avg Population Size": {
        "0": [
            1.391705069124424,
            2.3547008547008548,
            2.982698961937716,
            1.7102272727272727,
            9.146666666666667
        ],
        "1": [
            1.9926739926739927,
            1.9605263157894737,
            2.049689440993789,
            2.102803738317757,
            6.7844827586206895
        ]
    },
    "Avg Population Age": {
        "0": [
            10.551459293394776,
            10.480056980056979,
            10.893219640797497,
            10.627367424242426,
            12.397584258645123
        ],
        "1": [
            10.622588522588522,
            11.10811403508772,
            10.79089026915114,
            10.565798842901645,
            13.527878515162998
        ]
    },
    "Avg Population Fitness": {
        "0": [
            0.09638831377961815,
            0.3242905242905243,
            0.33062904136919785,
            0.1873302734748518,
            0.35395594628947563
        ],
        "1": [
            0.21342258161126082,
            0.18446009389671364,
            0.1571184770204378,
            0.20307531584062194,
            0.20310395354651894
        ]
    },
    "Best Population Age": {
        "0": [
            12.414746543778802,
            14.102564102564102,
            15.318339100346021,
            13.142045454545455,
            25.423333333333332
        ],
        "1": [
            13.787545787545788,
            13.960526315789474,
            14.229813664596273,
            13.158878504672897,
            27.129310344827587
        ]
    },
    "Avg Number of Attacks": {
        "0": [
            0.7880184331797235,
            0.9895299145299146,
            0.9667902455099687,
            0.9611742424242423,
            0.7822756721476244
        ],
        "1": [
            0.8418192918192918,
            0.9736842105263158,
            0.9720496894409938,
            0.9664218958611482,
            0.3384458812260536
        ]
    },
    "Avg Number of Kills": {
        "0": [
            0.0,
            0.0,
            0.0,
            0.0,
            0.07666666666666666
        ],
        "1": [
            0.003484320557491289,
            0.0,
            0.0034602076124567475,
            0.0,
            0.023333333333333334
        ]
    },
    "Avg Number of Intra Kills": {
        "0": [
            0.0,
            0.0,
            0.0,
            0.0,
            0.07
        ],
        "1": [
            0.003484320557491289,
            0.0,
            0.0034602076124567475,
            0.0,
            0.023333333333333334
        ]
    },
    "Avg Number of Populations": [
        1.7073170731707317,
        1.28099173553719,
        1.5570934256055364,
        1.4444444444444444,
        1.7733333333333334
    ]
}