{
    "Avg Population Size": {
        "0": [
            1.7397392290249434,
            1.7027458492975733,
            1.4297945205479452,
            3.268166666666666,
            1.962166666666667
        ],
        "1": []
    },
    "Avg Population Age": {
        "0": [
            11.278798185941044,
            11.807027306452593,
            12.833439334637964,
            12.187344472735727,
            13.277478660228661
        ],
        "1": []
    },
    "Avg Population Fitness": {
        "0": [
            0.10690745026532951,
            0.05792071451032321,
            0.10517163187113925,
            0.13728637843432892,
            0.041604626064727666
        ],
        "1": []
    },
    "Best Population Age": {
        "0": [
            17.833333333333332,
            18.28352490421456,
            18.924657534246574,
            24.13,
            27.053333333333335
        ],
        "1": []
    },
    "Avg Number of Attacks": {
        "0": [
            0.5240889212827988,
            0.7197682904579457,
            0.6697407045009783,
            0.7638984315478125,
            0.6676585914085913
        ],
        "1": []
    },
    "Avg Number of Kills": {
        "0": [
            0.017006802721088437,
            0.007662835249042145,
            0.003424657534246575,
            0.023333333333333334,
            0.01
        ],
        "1": []
    },
    "Avg Number of Intra Kills": {
        "0": [
            0.013605442176870748,
            0.0038314176245210726,
            0.003424657534246575,
            0.023333333333333334,
            0.01
        ],
        "1": []
    },
    "Avg Number of Populations": [
        2.258503401360544,
        2.3295019157088124,
        2.0821917808219177,
        2.9233333333333333,
        3.4366666666666665
    ]
}