{
    "Avg Population Size": {
        "0": [
            2.1226415094339623,
            1.5260869565217392,
            1.4672131147540983,
            1.6928104575163399,
            2.248618784530387
        ],
        "1": [
            5.705084745762712,
            3.353233830845771,
            6.446666666666666,
            7.26,
            3.279279279279279
        ],
        "2": [
            2.148325358851675,
            1.1157894736842104,
            2.8767123287671232,
            2.3435897435897437,
            1.9923076923076923
        ],
        "3": [
            1.868421052631579,
            2.3859649122807016,
            1.8918918918918919,
            1.834862385321101,
            3.119148936170213
        ]
    },
    "Avg Population Age": {
        "0": [
            10.67374213836478,
            10.472826086956522,
            10.37691256830601,
            10.529411764705882,
            11.229005524861877
        ],
        "1": [
            13.421484824027196,
            14.284660033167496,
            14.117138861138859,
            13.17155611980612,
            11.643484555984555
        ],
        "2": [
            11.541079972658919,
            12.363157894736842,
            13.417753859534677,
            14.083760683760685,
            11.21923076923077
        ],
        "3": [
            12.451461988304095,
            12.894444444444444,
            12.743993993993996,
            11.1868501529052,
            14.17499493414387
        ]
    },
    "Avg Population Fitness": {
        "0": [
            0.11184129109661023,
            0.07513532294638287,
            0.03176720035127114,
            0.058823127070848705,
            0.15328915008907962
        ],
        "1": [
            0.39303484480413853,
            0.3364354551344347,
            0.3538935429777909,
            0.4225058771724988,
            0.20866840423908029
        ],
        "2": [
            0.09579430603097883,
            0.05072463768115942,
            0.16165008261953875,
            0.09737150453820345,
            0.0859821704467255
        ],
        "3": [
            0.08372254656658328,
            0.2644978632478633,
            0.0506457319089511,
            0.056296980444820933,
            0.22512751612185214
        ]
    },
    "Best Population Age": {
        "0": [
            14.09433962264151,
            12.539130434782608,
            12.024590163934427,
            13.379084967320262,
            14.298342541436464
        ],
        "1": [
            24.56271186440678,
            22.208955223880597,
            25.836666666666666,
            25.68,
            16.67117117117117
        ],
        "2": [
            16.047846889952154,
            13.347368421052632,
            22.159817351598175,
            19.953846153846154,
            15.446153846153846
        ],
        "3": [
            16.850877192982455,
            17.75438596491228,
            16.765765765765767,
            15.513761467889909,
            21.817021276595746
        ]
    },
    "Avg Number of Attacks": {
        "0": [
            0.7169811320754716,
            0.947463768115942,
            0.9532786885245902,
            0.9814814814814814,
            0.9250460405156538
        ],
        "1": [
            0.15098870056497174,
            0.025373134328358207,
            0.03576915676915677,
            0.31962588337588344,
            0.6937598312598313
        ],
        "2": [
            0.19772157666894513,
            0.07368421052631578,
            0.019417264622744075,
            0.40487179487179487,
            0.55
        ],
        "3": [
            0.13523391812865498,
            0.12777777777777777,
            0.06681681681681681,
            0.09250764525993883,
            0.0834143870314083
        ]
    },
    "Avg Number of Kills": {
        "0": [
            0.0,
            0.0037313432835820895,
            0.0,
            0.0,
            0.003367003367003367
        ],
        "1": [
            0.0,
            0.0,
            0.006666666666666667,
            0.013333333333333334,
            0.0
        ],
        "2": [
            0.0033333333333333335,
            0.0,
            0.0,
            0.01,
            0.003367003367003367
        ],
        "3": [
            0.0033333333333333335,
            0.0037313432835820895,
            0.0,
            0.0,
            0.003367003367003367
        ]
    },
    "Avg Number of Intra Kills": {
        "0": [
            0.0,
            0.0037313432835820895,
            0.0,
            0.0,
            0.003367003367003367
        ],
        "1": [
            0.0,
            0.0,
            0.006666666666666667,
            0.013333333333333334,
            0.0
        ],
        "2": [
            0.0033333333333333335,
            0.0,
            0.0,
            0.01,
            0.003367003367003367
        ],
        "3": [
            0.0033333333333333335,
            0.0037313432835820895,
            0.0,
            0.0,
            0.003367003367003367
        ]
    },
    "Avg Number of Populations": [
        2.4133333333333336,
        2.175373134328358,
        2.506666666666667,
        2.5233333333333334,
        2.585858585858586
    ]
}