{
    "Avg Population Size": {
        "0": [
            5.5,
            3.6961538461538463,
            4.203619909502263,
            4.186206896551724,
            1.61
        ],
        "1": [
            2.5681818181818183,
            3.4491017964071857,
            1.9330543933054394,
            1.7272727272727273,
            2.0615384615384613
        ]
    },
    "Avg Population Age": {
        "0": [
            11.326587796261709,
            13.497793734043734,
            11.136615671909789,
            13.993846469622333,
            12.316666666666668
        ],
        "1": [
            10.384469696969697,
            10.762232677502137,
            10.516039051603904,
            10.436561264822133,
            11.104236874236873
        ]
    },
    "Avg Population Fitness": {
        "0": [
            0.43333497829189366,
            0.30725312615128336,
            0.3963731447654507,
            0.45090557232282574,
            0.1575187969924812
        ],
        "1": [
            0.29660193012116093,
            0.3086807784942453,
            0.16289682539682537,
            0.0841184807256236,
            0.18725172711571675
        ]
    },
    "Best Population Age": {
        "0": [
            18.278260869565216,
            20.126923076923077,
            17.79638009049774,
            23.148275862068967,
            14.2
        ],
        "1": [
            14.712121212121213,
            15.419161676646707,
            13.251046025104603,
            12.529644268774703,
            13.615384615384615
        ]
    },
    "Avg Number of Attacks": {
        "0": [
            0.5140198448894101,
            0.39358474858474857,
            0.47636105724341016,
            0.28929802955665024,
            0.6916666666666668
        ],
        "1": [
            0.7297979797979798,
            0.9345594525235245,
            0.9747559274755928,
            0.9899868247694334,
            0.9730769230769231
        ]
    },
    "Avg Number of Kills": {
        "0": [
            0.003424657534246575,
            0.0,
            0.003745318352059925,
            0.0,
            0.0
        ],
        "1": [
            0.0,
            0.0,
            0.0,
            0.0,
            0.0
        ]
    },
    "Avg Number of Intra Kills": {
        "0": [
            0.003424657534246575,
            0.0,
            0.003745318352059925,
            0.0,
            0.0
        ],
        "1": [
            0.0,
            0.0,
            0.0,
            0.0,
            0.0
        ]
    },
    "Avg Number of Populations": [
        1.2397260273972603,
        1.525,
        1.7228464419475655,
        1.846938775510204,
        1.353211009174312
    ]
}