{
    "Avg Population Size": {
        "0": [
            3.1755725190839694
        ],
        "1": [
            2.334841628959276
        ]
    },
    "Avg Population Age": {
        "0": [
            11.520703490741658
        ],
        "1": [
            11.786123680241326
        ]
    },
    "Avg Population Fitness": {
        "0": [
            0.32704915097352066
        ],
        "1": [
            0.2823487571129081
        ]
    },
    "Best Population Age": {
        "0": [
            17.16793893129771
        ],
        "1": [
            15.918552036199095
        ]
    },
    "Avg Number of Attacks": {
        "0": [
            0.5778891697784827
        ],
        "1": [
            0.37104072398190047
        ]
    },
    "Avg Number of Kills": {
        "0": [
            0.006666666666666667
        ],
        "1": [
            0.0
        ]
    },
    "Avg Number of Intra Kills": {
        "0": [
            0.006666666666666667
        ],
        "1": [
            0.0
        ]
    },
    "Avg Number of Populations": [
        1.61
    ]
}