{
    "Avg Population Size": {
        "0": [
            2.7020408163265306,
            1.9236947791164658,
            1.7687074829931972,
            1.6114649681528663,
            2.356807511737089,
            5.420289855072464,
            3.341614906832298,
            1.3416666666666666,
            4.7012448132780085,
            5.121951219512195,
            2.1707317073170733,
            7.868085106382979,
            3.7651245551601424,
            5.73828125,
            3.5633333333333335,
            11.503333333333334,
            19.006666666666668,
            17.39666666666667,
            14.04,
            20.08,
            20.086666666666666,
            15.196666666666667,
            16.393333333333334,
            25.086666666666666,
            21.063333333333333,
            8.402877697841726,
            11.123333333333333,
            11.36,
            13.373333333333333,
            18.606666666666666,
            19.58,
            18.536666666666665,
            20.486666666666668
        ],
        "1": [
            4.295566502463054,
            5.05,
            6.068345323741007,
            10.65,
            4.905027932960894,
            6.348936170212766,
            2.168181818181818,
            5.08,
            1.9075630252100841,
            2.46875,
            4.562913907284768,
            4.681222707423581,
            5.166037735849057,
            5.219424460431655,
            2.424083769633508,
            2.707112970711297,
            2.502008032128514,
            1.3181818181818181,
            1.38135593220339,
            1.1164383561643836,
            2.086705202312139,
            1.7833333333333334,
            1.6213991769547325,
            1.515527950310559,
            1.6025641025641026,
            7.569288389513108,
            7.658181818181818,
            4.058577405857741,
            3.5566502463054186,
            1.9166666666666667,
            1.8767123287671232,
            4.168141592920354,
            1.3859649122807018
        ]
    },
    "Avg Population Age": {
        "0": [
            11.369271137026237,
            11.212115127175368,
            10.773242630385486,
            11.104033970276008,
            12.677151799687012,
            12.297908801201638,
            12.214182194616978,
            10.608333333333333,
            12.971715502109692,
            13.06279450562987,
            11.755182926829267,
            12.462456794864739,
            11.034269615319436,
            12.384019192612943,
            14.628157046657046,
            14.22768592164928,
            15.406278213011902,
            15.450149457180178,
            15.659310309520302,
            15.542810341917699,
            15.616581356727067,
            15.578483198233462,
            16.14920833795787,
            14.30468322084037,
            15.419182868810076,
            16.91820022029098,
            15.509238662894813,
            16.05662551224432,
            15.482414740015743,
            15.694883620351511,
            15.975779505630966,
            15.531858354019372,
            15.802774461462528
        ],
        "1": [
            11.858782405334132,
            13.461310125060127,
            13.198196487764834,
            13.50861117020521,
            12.0107486983021,
            12.415638994575165,
            12.721287878787878,
            13.964164141414143,
            11.804481792717088,
            16.237559523809523,
            12.689577420372123,
            10.85628004940232,
            13.026407135841097,
            14.022703026390076,
            13.88525305410122,
            11.2489921631135,
            13.172121820615798,
            12.426136363636363,
            9.73446327683616,
            11.982876712328768,
            10.221579961464354,
            12.705092592592594,
            13.14657064471879,
            10.319875776397515,
            11.538461538461538,
            12.68649773902611,
            14.635282983504908,
            13.565424719399614,
            13.127081867229649,
            15.591239316239317,
            11.505707762557078,
            12.522791122348645,
            13.567251461988304
        ]
    },
    "Avg Population Fitness": {
        "0": [
            0.2922256938784135,
            0.1068003848003848,
            0.08856790676643617,
            0.05668457556518702,
            0.2271206386366421,
            0.3909626597470702,
            0.36336242673169894,
            0.04488732993197279,
            0.5144931668971285,
            0.4988135106725014,
            0.33678398895790196,
            0.44476208978375603,
            0.2799893247126072,
            0.3793177901145194,
            0.4296438181786792,
            0.626563906680149,
            0.720420897805975,
            0.8296958163378895,
            0.8070558759357631,
            0.8258853815144498,
            0.7696052156858874,
            0.7513470664229118,
            0.7468234143550433,
            0.8238659814431779,
            0.8325241640570257,
            0.39785271157667446,
            0.418487079016213,
            0.533813378122697,
            0.6523326448849459,
            0.7704307707424831,
            0.7931211861826529,
            0.6076289777397496,
            0.8514372469397383
        ],
        "1": [
            0.3932637514747136,
            0.4751114800088113,
            0.5297023402954639,
            0.6870111469314663,
            0.24790964005035346,
            0.5092363923802974,
            0.29336814914645104,
            0.6027551677575648,
            0.12220133667502087,
            0.2849387903309472,
            0.5032089947089946,
            0.3621981036940774,
            0.3065862798582687,
            0.3540842370742496,
            0.19679427603156416,
            0.1000340159143291,
            0.060780644533938166,
            0.021215946715739058,
            0.020858725812780157,
            0.007676347496380015,
            0.04772755842910464,
            0.03222338795821726,
            0.02845879164033549,
            0.017260794297725847,
            0.025029342852104862,
            0.40762522186456485,
            0.25785512633010055,
            0.18358220540811876,
            0.13869988265412406,
            0.05055233117607154,
            0.04581917242074191,
            0.15348275920832827,
            0.022349071357184523
        ]
    },
    "Best Population Age": {
        "0": [
            16.17142857142857,
            13.891566265060241,
            13.537414965986395,
            13.388535031847134,
            17.732394366197184,
            20.840579710144926,
            17.819875776397517,
            12.175,
            22.03734439834025,
            21.735772357723576,
            16.341463414634145,
            21.838297872340426,
            17.366548042704625,
            22.08984375,
            23.286666666666665,
            30.39666666666667,
            38.63333333333333,
            37.78666666666667,
            35.803333333333335,
            38.913333333333334,
            38.8,
            36.223333333333336,
            39.74333333333333,
            36.75333333333333,
            37.67,
            30.363309352517987,
            35.343333333333334,
            35.153333333333336,
            34.626666666666665,
            37.64333333333333,
            38.26,
            38.53666666666667,
            38.60333333333333
        ],