{
    "Avg Population Size": {
        "0": [
            2.47,
            1.162162162162162,
            1.4761904761904763,
            1.5344827586206897,
            NaN,
            2.1549295774647885,
            1.8571428571428572,
            1.0,
            1.0,
            1.0,
            1.4923076923076923,
            2.380952380952381,
            2.4318181818181817,
            1.3448275862068966,
            1.0,
            1.3333333333333333,
            1.0,
            NaN,
            1.605263157894737,
            1.68,
            2.712328767123288,
            4.38,
            1.38,
            1.9710144927536233,
            3.051948051948052,
            1.0714285714285714,
            7.826530612244898,
            18.09,
            8.43,
            10.68,
            2.97,
            4.041237113402062,
            1.912280701754386,
            1.0,
            2.185185185185185,
            6.39,
            4.863013698630137,
            3.061224489795918,
            1.2380952380952381,
            3.488888888888889,
            8.38,
            3.06,
            2.4625,
            3.1,
            8.19,
            10.7,
            13.13,
            3.71,
            5.22,
            10.9
        ],
        "1": [
            1.86,
            7.42,
            1.7317073170731707,
            1.105263157894737,
            1.2790697674418605,
            1.7627118644067796,
            1.8604651162790697,
            2.654320987654321,
            3.10752688172043,
            1.951219512195122,
            2.130434782608696,
            1.0,
            NaN,
            2.3934426229508197,
            2.34,
            3.11,
            1.536231884057971,
            4.0843373493975905,
            4.484210526315789,
            16.56,
            9.180555555555555,
            1.2,
            2.3492063492063493,
            2.841463414634146,
            2.041095890410959,
            2.186046511627907,
            3.74,
            2.2448979591836733,
            6.46,
            7.99,
            5.15,
            4.04,
            1.71875,
            3.04,
            6.32,
            4.722222222222222,
            1.5714285714285714,
            2.91,
            4.37,
            4.037974683544304,
            2.56,
            3.95,
            8.24,
            8.36,
            5.47,
            10.33,
            1.2916666666666667,
            2.360655737704918,
            3.0588235294117645,
            1.6521739130434783
        ]
    },
    "Avg Population Age": {
        "0": [
            11.261166666666668,
            10.22972972972973,
            12.154761904761905,
            12.591954022988505,
            NaN,
            13.823943661971832,
            14.189285714285713,
            11.0,
            23.0,
            14.5,
            11.643589743589743,
            11.186772486772487,
            10.235795454545455,
            11.275862068965518,
            10.423076923076923,
            11.38888888888889,
            10.5,
            NaN,
            10.552631578947368,
            15.0225,
            11.835159817351597,
            11.348988095238097,
            11.04,
            10.277777777777779,
            17.187878787878788,
            10.5,
            11.098936533531688,
            11.912378341584477,
            12.984525807525808,
            11.387981532356532,
            12.414857142857143,
            12.048183603338241,
            12.049707602339183,
            12.115384615384615,
            9.11604938271605,
            13.774630952380953,
            10.578913894324854,
            13.689492225461612,
            7.595238095238095,
            9.797566137566134,
            12.421834346209348,
            12.445309523809524,
            10.520625,
            13.300214285714286,
            11.235017926517926,
            13.863393786768789,
            13.303440737367207,
            13.764166666666668,
            11.849382756132758,
            12.886025908645882
        ],
        "1": [
            12.689666666666664,
            11.54028402153402,
            10.554878048780488,
            10.631578947368421,
            11.546511627906977,
            10.790960451977403,
            10.5,
            9.829218106995883,
            10.874910394265234,
            10.915650406504064,
            9.778985507246377,
            14.0,
            NaN,
            10.226775956284152,
            10.103666666666665,
            10.651166666666665,
            11.442028985507246,
            11.535986804360299,
            9.640626566416039,
            13.301862250886568,
            14.460711854126458,
            11.7,
            9.791005291005293,
            10.859001161440185,
            9.948630136986301,
            11.318798449612403,
            16.116404761904757,
            15.334353741496601,
            13.126862914862913,
            12.731562826062826,
            12.71675396825397,
            15.482055555555554,
            9.364583333333332,
            11.822666666666665,
            14.338194083694084,
            17.563425925925927,
            16.732142857142858,
            14.7975,
            13.42581746031746,
            11.297267430178824,
            13.434166666666664,
            13.478523809523809,
            11.796386613386613,
            13.505909701409703,
            17.30381240981241,
            14.400579584631055,
            10.708333333333334,
            12.905737704918032,
            15.024509803921571,
            18.30917874396135
        ]
    },
    "Avg Population Fitness": {
        "0": [
            0.22027966742252458,
            0.03571428571428571,
            0.16375,
            0.1845238095238095,
            NaN,
            0.31768388106416284,
            0.2770833333333333,
            0.0,
            0.0,
            0.0,
            0.09338624338624338,
            0.30648148148148147,
            0.41003787878787884,
            0.1369047619047619,
            0.0,
            0.047142857142857146,
            0.0,
            NaN,
            0.07561728395061727,
            0.03395603109487841,
            0.20036441918830042,
            0.48497915664582325,
            0.15306122448979592,
            0.261233660130719,
            0.42723938223938224,
            0.009259259259259259,
            0.35382830837186624,
            0.598051985711498,
            0.2961979618819756,
            0.2936253695399174,
            0.1815419100250561,
            0.4922577711640212,
            0.25595238095238093,
            0.0,
            0.177336860670194,
            0.5651285364295568,
            0.45879602947145937,
            0.20450135182278043,
            0.02,
            0.2515101177891876,
            0.5140594380554444,
            0.19197761779283518,
            0.12035620873649044,
            0.1496432803890787,
            0.2858689103071785,
            0.3146300545577695,
            0.7662288545639783,
            0.4526686507936508,
            0.4721492367281841,
            0.6920596195985317
        ],