{
    "Avg Population Size": {
        "0": [
            1.0858895705521472,
            2.151639344262295,
            1.3409090909090908,
            10.748603351955307,
            5.064220183486238,
            1.4615384615384615,
            11.829787234042554,
            15.133333333333333,
            10.602620087336245,
            14.85,
            23.616666666666667,
            13.48,
            20.59,
            15.463333333333333,
            22.35333333333333,
            32.18666666666667,
            24.66,
            18.076666666666668,
            31.803333333333335,
            21.076666666666668,
            21.513333333333332,
            26.546666666666667,
            21.136666666666667,
            24.07,
            26.463333333333335,
            20.41,
            23.94333333333333,
            17.803333333333335,
            15.07,
            24.336666666666666,
            25.903333333333332,
            21.543333333333333,
            32.75666666666667
        ],
        "1": [
            2.1452513966480447,
            3.5165876777251186,
            2.4641350210970465,
            1.8444444444444446,
            2.6826923076923075,
            2.8776371308016877,
            1.3353293413173652,
            1.780701754385965,
            2.7161572052401746,
            2.3131868131868134,
            3.4636015325670497,
            1.71900826446281,
            1.510204081632653,
            1.7863247863247864,
            2.0083333333333333,
            2.3205128205128207,
            1.7173913043478262,
            1.4471544715447155,
            1.7446808510638299,
            1.35,
            2.393939393939394,
            2.7701612903225805,
            3.0,
            1.0,
            1.0933333333333333,
            1.5630252100840336,
            1.3888888888888888,
            1.5724637681159421,
            1.664,
            2.8841463414634148,
            1.1704545454545454,
            1.7333333333333334,
            1.3622047244094488
        ]
    },
    "Avg Population Age": {
        "0": [
            10.466257668711657,
            10.768564597970336,
            10.79040404040404,
            13.998871240520568,
            12.228596938229966,
            12.209935897435896,
            13.7362903578284,
            15.84049568829427,
            15.05703004328331,
            16.327599810351494,
            15.871164053332528,
            15.3692771369211,
            15.273758389475722,
            16.64282667159216,
            15.59466764313702,
            15.034331038553391,
            15.389458760620206,
            16.153493432357415,
            15.345260567413437,
            15.389434896650073,
            15.694822823997425,
            16.38273185919885,
            15.309603195197099,
            15.683631125583318,
            15.374103627092046,
            15.826776476243667,
            15.587876519814733,
            17.094647288167415,
            17.914051070088583,
            16.255580098169073,
            15.86125117786488,
            15.635449883651345,
            15.440075140501856
        ],
        "1": [
            10.405081138600691,
            10.547043556759197,
            11.019409282700419,
            11.595354497354496,
            10.386630036630038,
            11.006409483624674,
            14.446107784431138,
            10.931432748538013,
            10.664306508629652,
            10.751373626373626,
            12.866992033083989,
            11.494490358126722,
            12.480442176870747,
            9.98917378917379,
            10.452291666666666,
            9.5241452991453,
            9.819746376811596,
            11.47018970189702,
            10.03191489361702,
            9.023333333333333,
            9.95959595959596,
            9.824630376344086,
            10.358119658119659,
            9.58695652173913,
            7.873333333333333,
            10.724789915966387,
            9.65079365079365,
            10.268357487922705,
            9.939333333333334,
            11.513008130081301,
            16.142045454545453,
            10.25611111111111,
            10.440944881889763
        ]
    },
    "Avg Population Fitness": {
        "0": [
            0.0375,
            0.11942070356544042,
            0.07356386999244144,
            0.6097681108648311,
            0.3158397662922186,
            0.0810966810966811,
            0.7313578633909631,
            0.665358953275158,
            0.6174216027778135,
            0.7445956292138967,
            0.6742293672021,
            0.7898250498969099,
            0.8336916477933376,
            0.7980992638189417,
            0.7586917549167431,
            0.8512380651052917,
            0.8344682855874344,
            0.8143531634969464,
            0.8521357528105103,
            0.8403204488981718,
            0.8055711660777324,
            0.7181210238439081,
            0.7610963347452914,
            0.8659240477156857,
            0.8617620433129921,
            0.8249802291207448,
            0.8388856810308501,
            0.712686445411071,
            0.7212390967034538,
            0.7754775088031948,
            0.8473758494412826,
            0.8139018228957995,
            0.8539766574725892
        ],
        "1": [
            0.19410173160173158,
            0.28721413901015547,
            0.32086322188449856,
            0.12412984144635518,
            0.2540994513023325,
            0.36469976359338063,
            0.02189408011098136,
            0.04020465599994642,
            0.259129458257132,
            0.06097505443025049,
            0.07760098073367722,
            0.04275256134368893,
            0.0242474878826788,
            0.03267911850638354,
            0.03839415640030376,
            0.03542889935930989,
            0.023399397795137906,
            0.02713070727509479,
            0.020467019213779167,
            0.01965895083022941,
            0.0721056282584278,
            0.0611961490087795,
            0.07358526866829389,
            0.0,
            0.0031349562338942967,
            0.024033371398710045,
            0.01091103528766017,
            0.055562636007607545,
            0.08362193362193361,
            0.06704442835592794,
            0.011797980841081954,
            0.02823751663756445,
            0.011080342053283749
        ]
    },
    "Best Population Age": {
        "0": [
            10.895705521472392,
            13.323770491803279,
            12.090909090909092,
            32.93854748603352,
            18.98165137614679,
            14.932692307692308,
            29.4468085106383,
            35.18333333333333,
            31.88646288209607,
            37.93333333333333,
            41.05,
            34.00666666666667,
            36.97,
            40.236666666666665,
            40.263333333333335,
            41.35,
            39.166666666666664,
            39.72,
            42.07666666666667,
            39.13333333333333,
            38.28,
            43.42666666666667,
            37.233333333333334,
            41.516666666666666,
            40.13,
            38.64,
            38.45666666666666,
            37.06333333333333,
            39.35666666666667,
            43.766666666666666,
            40.78666666666667,
            40.74333333333333,
            40.03666666666667
        ],