{
    "Avg Population Size": {
        "0": [
            2.7419804741980474,
            2.1076388888888893,
            1.7880778588807786,
            1.6995920745920747,
            3.1781031746031747
        ]
    },
    "Avg Population Age": {
        "0": [
            11.681768974865207,
            10.511814984258166,
            11.224756528953609,
            11.53817180294453,
            12.411169970409134
        ]
    },
    "Avg Population Fitness": {
        "0": [
            0.25893722469335145,
            0.14708984859858068,
            0.12004573192996769,
            0.055463564631874004,
            -0.00035250699754664516
        ]
    },
    "Best Population Age": {
        "0": [
            18.255230125523013,
            16.693181818181817,
            17.613138686131386,
            19.751748251748253,
            24.813333333333333
        ]
    },
    "Avg Number of Attacks": {
        "0": [
            0.74223843334722,
            0.9320399613013249,
            0.8956355789384985,
            0.8699505040414132,
            0.7430974313067966
        ]
    },
    "Avg Number of Kills": {
        "0": [
            0.0041841004184100415,
            0.007575757575757576,
            0.010948905109489052,
            0.006993006993006993,
            0.03
        ]
    },
    "Avg Number of Intra Kills": {
        "0": [
            0.0041841004184100415,
            0.003787878787878788,
            0.010948905109489052,
            0.0034965034965034965,
            0.03
        ]
    },
    "Avg Number of Populations": [
        1.5899581589958158,
        2.3636363636363638,
        2.2518248175182483,
        2.9545454545454546,
        4.09
    ]
}