{
    "Avg Population Size": {
        "0": [
            2.55,
            2.5098039215686274,
            1.9248120300751879,
            1.5405405405405406,
            2.1125541125541125,
            4.0,
            4.7272727272727275,
            7.489932885906041,
            3.674074074074074,
            1.3410852713178294,
            2.776190476190476,
            2.4023668639053253,
            3.7421602787456445,
            3.2634146341463413,
            2.7989130434782608,
            2.6741573033707864,
            2.8088737201365186,
            2.717948717948718,
            6.81,
            18.466666666666665,
            25.143333333333334,
            17.736666666666668,
            16.79,
            12.373076923076923,
            2.110344827586207,
            1.8695652173913044,
            8.09608540925267,
            5.445736434108527,
            5.40377358490566,
            18.833333333333332,
            5.462633451957295,
            4.457142857142857,
            5.32
        ],
        "1": [
            2.170103092783505,
            3.8609625668449197,
            4.774193548387097,
            1.7105263157894737,
            3.342857142857143,
            2.830188679245283,
            3.08,
            5.743333333333333,
            1.4846153846153847,
            1.7682119205298013,
            1.5304878048780488,
            14.136666666666667,
            3.35,
            2.2093023255813953,
            4.93,
            17.64,
            7.473333333333334,
            12.03,
            6.1,
            2.125,
            3.2890625,
            6.866666666666666,
            12.183333333333334,
            7.453333333333333,
            21.143333333333334,
            18.07,
            7.783333333333333,
            18.826666666666668,
            13.15,
            4.351598173515982,
            13.90268456375839,
            18.44,
            13.636666666666667
        ]
    },
    "Avg Population Age": {
        "0": [
            11.021097883597886,
            13.288263305322129,
            13.052631578947368,
            10.825075075075075,
            12.118181818181819,
            13.044789859263544,
            11.735427844882391,
            12.9810835943959,
            12.162195767195767,
            11.511627906976743,
            13.096269841269844,
            12.410834037757116,
            11.870717880648193,
            12.209183120402631,
            12.283786231884061,
            12.931460674157304,
            14.809078227422937,
            12.755555555555555,
            12.596036229121756,
            15.785711170725557,
            14.655982366333113,
            13.701330108293053,
            14.879109456205486,
            14.290395036572882,
            12.23505747126437,
            12.446376811594202,
            13.705378668275719,
            13.993961626229067,
            15.904670460566688,
            14.750367490293602,
            14.606386417062577,
            16.650175049817907,
            16.412521164021165
        ],
        "1": [
            10.26778350515464,
            12.164595535183768,
            13.083909370199693,
            12.587719298245615,
            10.825115646258501,
            12.169254267744835,
            11.90378231292517,
            13.064089854589856,
            10.946153846153846,
            10.793046357615895,
            10.3739837398374,
            12.730387777913412,
            12.642619047619048,
            13.25484496124031,
            13.124535954785957,
            14.371086589591359,
            17.46507926903379,
            17.011673547641884,
            17.040589706589707,
            12.231907894736842,
            12.070805431547619,
            13.801417582417582,
            15.231298261923262,
            15.012765281015282,
            16.017447153306286,
            15.33356300076585,
            16.047851850763614,
            17.068153184577618,
            15.611653996917543,
            14.795508106809477,
            14.514617346573354,
            14.991586597612292,
            14.676525379293587
        ]
    },
    "Avg Population Fitness": {
        "0": [
            0.3074482709750567,
            0.30035019181360645,
            0.2269591301087364,
            0.1527777777777778,
            0.2265944839474251,
            0.31438858749275417,
            0.38073745193178393,
            0.32386635586177737,
            0.435463837276204,
            0.09479999999999998,
            0.36801854395604394,
            0.08258601619860498,
            0.493386438736089,
            0.24224419921642143,
            0.1722982146059069,
            0.09933488945020547,
            0.14423710607039006,
            0.12812144622806387,
            0.29772039903473013,
            0.7916373978433257,
            0.6857361372467259,
            0.5227198760999667,
            0.17623344225953974,
            0.24602076868697667,
            0.0484201796065183,
            0.0475595010914579,
            0.2737591700432586,
            0.1848285612282323,
            0.1725110374021625,
            0.6399651021785001,
            0.24350712504935365,
            0.1346306669862417,
            0.23367308691590352
        ],
        "1": [
            0.25814136125654447,
            0.33584634833682686,
            0.560470938035078,
            0.23308531746031744,
            0.3435500427715997,
            0.2237078591496262,
            0.22566526610644258,
            0.263318916687183,
            0.0844808201058201,
            0.21021625652498135,
            0.17070230607966455,
            0.7029577887464427,
            0.12712599129265797,
            0.19811130351130352,
            0.47113264089695067,
            0.7134723582661575,
            0.5181519985557831,
            0.6379795135931181,
            0.36455568788014064,
            0.050644879848934156,
            0.07936104104848019,
            0.2697035425756567,
            0.2866188458231962,
            0.418218665413997,
            0.802662967734504,
            0.7646273771709935,
            0.3480103905994308,
            0.5064337630061047,
            0.47109891850825725,
            0.12118735774374464,
            0.45374173460045253,
            0.6262635430432145,
            0.4034943103652853
        ]
    },
    "Best Population Age": {
        "0": [
            15.427777777777777,
            17.384313725490195,
            15.082706766917294,
            12.621621621621621,
            16.02164502164502,
            21.441295546558706,
            18.58909090909091,
            24.88255033557047,
            18.685185185185187,
            13.317829457364342,
            18.414285714285715,
            16.781065088757398,
            18.94425087108014,
            17.58048780487805,
            18.07608695652174,
            18.15730337078652,
            21.300341296928327,
            17.466666666666665,
            23.496666666666666,
            36.983333333333334,
            37.32,
            29.976666666666667,
            34.61666666666667,
            29.253846153846155,
            16.896551724137932,
            15.853260869565217,
            27.78291814946619,
            25.155038759689923,
            27.40754716981132,
            36.416666666666664,
            26.437722419928825,
            29.347619047619048,
            30.606666666666666
        ],