{
    "Avg Population Size": {
        "0": [
            2.216730038022814,
            2.4161073825503356,
            2.629139072847682,
            2.8813559322033897,
            1.3157894736842106,
            2.871111111111111,
            3.651821862348178,
            3.912350597609562,
            1.3580246913580247,
            2.613065326633166,
            3.0786516853932584,
            2.193939393939394,
            1.8,
            1.9421965317919074,
            3.3211009174311927,
            3.4444444444444446,
            2.446043165467626,
            2.3722222222222222,
            2.954356846473029,
            1.8444444444444446,
            1.7607361963190185,
            1.6310679611650485,
            1.4601769911504425,
            2.046783625730994,
            2.4220183486238533,
            2.7183098591549295,
            1.4921875,
            3.8254545454545457,
            1.9065420560747663,
            2.0844155844155843,
            3.134831460674157,
            1.4834437086092715,
            2.4184782608695654
        ],
        "1": [
            2.2195121951219514,
            3.4133858267716537,
            3.265625,
            2.673202614379085,
            1.7142857142857142,
            2.1258278145695364,
            2.8333333333333335,
            3.0191082802547773,
            3.263888888888889,
            1.4806201550387597,
            2.590909090909091,
            2.7183098591549295,
            1.3544303797468353,
            2.585253456221198,
            2.7007299270072993,
            3.6666666666666665,
            1.8055555555555556,
            2.004950495049505,
            1.8333333333333333,
            1.5135135135135136,
            2.3440860215053765,
            1.3155080213903743,
            1.8706467661691542,
            2.3267326732673266,
            2.3311258278145695,
            2.6315789473684212,
            3.213675213675214,
            2.3215859030837005,
            1.3061224489795917,
            1.4043715846994536,
            2.62,
            4.906077348066298,
            2.1911111111111112
        ]
    },
    "Avg Population Age": {
        "0": [
            10.861216730038024,
            10.467673378076062,
            10.710816777041941,
            10.884987893462469,
            10.5,
            10.291883597883599,
            10.29265785945948,
            11.126512000615586,
            10.549382716049383,
            10.589614740368507,
            10.194027554842162,
            10.671717171717171,
            10.507833333333332,
            10.090751445086706,
            10.47685488568516,
            10.96152380952381,
            10.519304556354916,
            10.380092592592591,
            10.71591582691168,
            10.912592592592594,
            10.173006134969324,
            10.642394822006471,
            10.8023598820059,
            9.78411306042885,
            10.40894495412844,
            9.91427733065057,
            10.899739583333332,
            10.570564213564214,
            10.239096573208725,
            11.101901669758812,
            10.737035550799595,
            10.216335540838852,
            10.381133540372671
        ],
        "1": [
            10.122113821138214,
            10.427830328027177,
            10.996395502645504,
            10.030236539060068,
            10.603809523809524,
            10.42494481236203,
            10.26270002580978,
            11.552087756546356,
            10.651041666666666,
            10.887596899224807,
            10.145833333333332,
            10.877856025039124,
            10.363924050632912,
            10.787634408602152,
            10.57641640597845,
            9.892140452140454,
            10.694720017636685,
            10.517244224422443,
            10.750750750750752,
            10.071321321321323,
            10.551587301587302,
            10.714795008912656,
            10.515339966832505,
            10.571864686468645,
            12.226931567328919,
            11.113859649122807,
            9.880341880341883,
            11.06887979861548,
            10.583900226757368,
            10.558287795992713,
            10.078999999999999,
            10.991739016048408,
            10.419724867724868
        ]
    },
    "Avg Population Fitness": {
        "0": [
            0.2733526212609878,
            0.26239583333333333,
            0.385578231292517,
            0.37159234792182766,
            0.07214611872146119,
            0.3418996650648027,
            0.23170450357522993,
            0.34032171548191764,
            0.10021505376344086,
            0.40053581500282004,
            0.37917163098761164,
            0.24228988603988605,
            0.1565234822451317,
            0.2106755710414247,
            0.4077094501413438,
            0.3181099220085931,
            0.27202973229092636,
            0.25113437328954574,
            0.31102578884661214,
            0.1604124579124579,
            0.22223958333333332,
            0.13855555555555557,
            0.15606060606060604,
            0.2023689273689274,
            0.3165712039532794,
            0.29439378588314763,
            0.17066666666666666,
            0.3737884430873849,
            0.2394822006472492,
            0.1743243243243243,
            0.35934624173923785,
            0.11587774294670845,
            0.2529103484969407
        ],
        "1": [
            0.1769200709048425,
            0.3806226348395023,
            0.43085476614888385,
            0.31322363382439067,
            0.1819197896120973,
            0.19196593915343918,
            0.19795238365062004,
            0.1736142766813323,
            0.4223497070167631,
            0.14946666666666666,
            0.372375478927203,
            0.3056839966260256,
            0.13246753246753246,
            0.3270541769133319,
            0.3657753691588278,
            0.1874708401432539,
            0.1413337846987136,
            0.21722823472823471,
            0.1613416477702192,
            0.14772727272727273,
            0.22239244513834677,
            0.11263736263736264,
            0.2657078398195149,
            0.26263113367174273,
            0.25389983579638753,
            0.3879100529100528,
            0.45617816091954017,
            0.17061860097574386,
            0.051877934272300474,
            0.12239165329052969,
            0.2717916244511989,
            0.5102117782194027,
            0.23538324357520785
        ]
    },
    "Best Population Age": {
        "0": [
            15.44486692015209,
            13.74496644295302,
            14.655629139072847,
            14.525423728813559,
            11.93421052631579,
            14.511111111111111,
            14.712550607287449,
            16.53784860557769,
            12.283950617283951,
            14.27638190954774,
            14.269662921348315,
            14.393939393939394,
            12.56,
            13.011560693641618,
            14.922018348623853,
            16.23111111111111,
            14.762589928057555,
            13.53888888888889,
            15.307053941908714,
            12.91851851851852,
            12.233128834355828,
            12.300970873786408,
            12.36283185840708,
            12.894736842105264,
            14.325688073394495,
            12.830985915492958,
            12.546875,
            16.167272727272728,
            13.780373831775702,
            13.675324675324676,
            14.92134831460674,
            12.099337748344372,
            13.782608695652174
        ],