{
    "Avg Population Size": {
        "0": [
            2.022727272727273,
            3.168141592920354,
            4.93048128342246,
            4.939814814814815,
            3.8390243902439023,
            1.4197530864197532,
            2.197802197802198,
            2.114503816793893,
            2.8372093023255816,
            3.0785340314136125,
            3.7587412587412588,
            1.434782608695652,
            2.8916083916083917,
            3.9288389513108615,
            3.8784313725490196,
            2.7351598173515983,
            1.3351063829787233,
            2.2379182156133828,
            7.023489932885906,
            3.2903225806451615,
            2.695876288659794,
            4.69921875,
            2.2772727272727273,
            4.365461847389558,
            4.581818181818182,
            2.9214659685863875,
            1.6592920353982301,
            1.023391812865497,
            2.417293233082707,
            2.9681274900398407,
            6.932,
            4.30593607305936,
            1.7544910179640718
        ],
        "1": [
            2.113138686131387,
            2.6618357487922704,
            3.827205882352941,
            5.165775401069519,
            1.8933333333333333,
            3.9071729957805905,
            3.863095238095238,
            4.357142857142857,
            3.7567567567567566,
            4.45045045045045,
            2.625668449197861,
            1.6729323308270676,
            2.364485981308411,
            1.881118881118881,
            4.458515283842795,
            3.2775800711743774,
            4.644970414201183,
            3.4302325581395348,
            2.9381443298969074,
            4.73,
            2.8450704225352115,
            1.477832512315271,
            3.782122905027933,
            2.5261324041811846,
            3.0422535211267605,
            2.271604938271605,
            4.814671814671815,
            6.580459770114943,
            8.27,
            4.733905579399142,
            7.265873015873016,
            3.9212962962962963,
            6.181034482758621
        ]
    },
    "Avg Population Age": {
        "0": [
            11.140782828282829,
            11.622929835651076,
            11.912963670316614,
            14.097282848324515,
            13.161519022982437,
            10.335390946502057,
            11.68415750915751,
            11.21412213740458,
            11.561978589885568,
            14.093330840189477,
            12.042227217227216,
            10.695652173913043,
            11.217482517482518,
            11.612313477201116,
            12.647277254336078,
            12.301978691019785,
            11.877216312056737,
            12.175216852540274,
            11.925979503284733,
            11.514184471442535,
            11.285652920962201,
            12.372031137265513,
            12.548474025974025,
            13.679529573505476,
            12.623703047793953,
            12.197056579255532,
            13.627581120943953,
            11.298245614035087,
            12.40236305048335,
            13.99331720736103,
            11.813420449158684,
            13.313685946220192,
            9.94061876247505
        ],
        "1": [
            11.203997219325688,
            10.867069243156196,
            11.570346187717512,
            12.889554063775515,
            11.009444444444444,
            11.642954256245396,
            11.920252267573696,
            12.822262238228623,
            11.549658944658944,
            12.32119977119977,
            11.427107206518972,
            12.228508771929825,
            11.212305295950156,
            11.486013986013988,
            11.213625651398578,
            10.831270123707846,
            11.291119991119993,
            12.207218223206594,
            12.412628865979382,
            11.840191761941764,
            12.296907370146807,
            11.914614121510676,
            11.609561496852,
            12.93170731707317,
            11.809899802857549,
            16.68559670781893,
            12.113890944773297,
            11.011248936248938,
            12.421372873328368,
            13.691310751718479,
            11.714638095590477,
            12.95482937844049,
            10.529602935293626
        ]
    },
    "Avg Population Fitness": {
        "0": [
            0.18211805555555557,
            0.3436858254209852,
            0.3869863991461214,
            0.38075715432454404,
            0.29869391106196175,
            0.0730576441102757,
            0.21853641456582634,
            0.27887139107611547,
            0.31847460677392647,
            0.3370016627238411,
            0.37401937391146023,
            0.13984674329501914,
            0.33968707482993193,
            0.4507735849056604,
            0.3254305725631311,
            0.20685514627822318,
            0.041484688151354816,
            0.24803623164088281,
            0.46061408434362133,
            0.20562846064041626,
            0.25869835063383445,
            0.43893551078989657,
            0.19164148220751995,
            0.2855328737783027,
            0.3200851043969801,
            0.28687138868755896,
            0.11403209142873405,
            0.0022088353413654616,
            0.10945532647079351,
            0.2298347143326222,
            0.20410549705349834,
            0.2869605218840323,
            0.10428819444444444
        ],
        "1": [
            0.23713215623327985,
            0.27499959090165277,
            0.38501033449309313,
            0.25277660198143953,
            0.09906024531024532,
            0.5122764717701427,
            0.374802738267024,
            0.5462604277687864,
            0.3037582680804324,
            0.39731801800936795,
            0.180939905911816,
            0.2058100084817642,
            0.23317065466319198,
            0.13355143584151216,
            0.318015580874702,
            0.354202854780082,
            0.4389267924005268,
            0.28266727483929627,
            0.14993676440023015,
            0.42635563198108034,
            0.26453915849591025,
            0.11467589692978293,
            0.3151059514134226,
            0.21317236246340726,
            0.3385399371351752,
            0.2818565400843882,
            0.3768532940129675,
            0.5936615124276693,
            0.5259162513656752,
            0.32593730444458807,
            0.37700608177255096,
            0.2698470225308461,
            0.44034571451256216
        ]
    },
    "Best Population Age": {
        "0": [
            14.833333333333334,
            18.287610619469028,
            20.636363636363637,
            25.22222222222222,
            19.917073170731708,
            12.382716049382717,
            15.703296703296703,
            14.709923664122137,
            16.426356589147286,
            20.63350785340314,
            19.82867132867133,
            12.119565217391305,
            16.877622377622377,
            18.685393258426966,
            20.4,
            17.78538812785388,
            13.28191489361702,
            16.87732342007435,
            21.86241610738255,
            16.5,
            16.056701030927837,
            19.75390625,
            17.422727272727272,
            23.49397590361446,
            20.8,
            16.706806282722514,
            16.54424778761062,
            11.508771929824562,
            17.654135338345863,
            22.50996015936255,
            21.272,
            21.356164383561644,
            12.395209580838323
        ],