{
    "Avg Population Size": {
        "0": [
            4.703703703703703
        ],
        "1": [
            3.0267379679144386
        ]
    },
    "Avg Population Age": {
        "0": [
            10.66779594890706
        ],
        "1": [
            12.14583651642475
        ]
    },
    "Avg Population Fitness": {
        "0": [
            0.4549018525649253
        ],
        "1": [
            0.3398381661789483
        ]
    },
    "Best Population Age": {
        "0": [
            16.566666666666666
        ],
        "1": [
            18.518716577540108
        ]
    },
    "Avg Number of Attacks": {
        "0": [
            0.8553436481214259
        ],
        "1": [
            0.4105805958747135
        ]
    },
    "Avg Number of Kills": {
        "0": [
            0.0033333333333333335
        ],
        "1": [
            0.0033333333333333335
        ]
    },
    "Avg Number of Intra Kills": {
        "0": [
            0.0033333333333333335
        ],
        "1": [
            0.0033333333333333335
        ]
    },
    "Avg Number of Populations": [
        1.5233333333333334
    ]
}