{
    "Avg Population Size": {
        "0": [
            1.8400488400488402,
            1.5086206896551724,
            2.5781288723667903,
            2.8052619047619047,
            3.0377738095238094,
            2.3167460317460313,
            2.9895714285714283,
            2.1057222222222225,
            2.197888888888889,
            2.215,
            2.40630291005291,
            3.3252777777777776,
            2.783333333333333,
            2.943079365079365,
            2.940579365079365,
            2.892468253968254,
            2.276944444444444,
            3.214814814814815,
            3.2682875457875458,
            2.133666666666667,
            2.871,
            1.8060718711276331,
            1.5312068965517243,
            2.892897091722596,
            3.1572281959378734,
            1.8834019204389574,
            4.7891111111111115,
            2.9765,
            2.2608888888888887,
            1.7485958485958484,
            2.3321111111111112,
            2.754143947655398,
            4.727553310886644,
            1.292948717948718,
            1.5619640387275242,
            2.2398333333333333,
            2.339722222222222,
            2.568277777777778,
            1.8770114942528737,
            1.9731111111111113,
            2.7023569023569025,
            2.6924616446355576,
            1.721025641025641,
            1.569,
            4.60295238095238,
            5.449277777777778,
            2.0544183445190156,
            2.7432777777777777,
            1.8825503355704698,
            2.625028636884307
        ]
    },
    "Avg Population Age": {
        "0": [
            11.221499796499797,
            11.084117861704067,
            11.439796129108398,
            13.604434241025574,
            13.057662089582918,
            12.0979341905004,
            13.400661040799585,
            12.189442816442815,
            13.312508658008658,
            12.303378306878306,
            14.031932835682838,
            12.86856228956229,
            12.939394781144781,
            12.999059839068739,
            13.224525684598735,
            12.63310713190692,
            13.60195333560837,
            13.960090632155316,
            12.085660728160729,
            12.61349062049062,
            13.183761137011137,
            12.901096600631917,
            12.600163457232423,
            13.137462351220739,
            13.264009763523367,
            11.996312381034603,
            13.473606891875466,
            13.248410501578459,
            13.558588526108482,
            13.167481572151901,
            13.384884652384653,
            12.53340492516514,
            13.522764216703612,
            11.905000000000001,
            12.991785370001137,
            12.866798627298627,
            12.871648333148334,
            13.578166324416323,
            12.174709600744086,
            13.729896760646762,
            14.063570800692013,
            12.92783407689972,
            14.060880309986645,
            11.941270562770564,
            13.290330991448638,
            13.50455846005846,
            12.144886414852857,
            13.016597883597884,
            12.819729594603755,
            11.794493650679218
        ]
    },
    "Avg Population Fitness": {
        "0": [
            0.17122463515320657,
            0.01568337912087912,
            0.16638903987174006,
            0.18757690385048809,
            -0.001050996686946878,
            -0.014798607443983501,
            0.1592939312909301,
            0.08582833535158627,
            0.05521643066402145,
            0.20706924398888685,
            0.1884329326859798,
            0.3396984080595364,
            0.24594667267121625,
            0.036476849378172346,
            -0.0037609360900230306,
            0.053050716827232766,
            0.07566985439104869,
            0.17127708587416793,
            0.24874478532840189,
            0.14387041806437909,
            0.09859070971804368,
            0.06854345158488341,
            0.06533514654628389,
            0.18498058200987616,
            0.06787683699499664,
            0.08715350773487791,
            0.20558616736464574,
            0.13368357806156514,
            0.09849429974376148,
            0.11819965462039382,
            0.12772302611027234,
            0.11615835556913014,
            0.4162607880893254,
            0.054395299145299156,
            0.05313107673050855,
            0.05528740563968357,
            0.04787203754270441,
            0.16785125133636317,
            0.08266429758495968,
            0.13106941398543762,
            0.11894248497060322,
            0.227904786540675,
            -0.007326951351151592,
            0.026135280338896585,
            0.3931249162220527,
            0.5398923289304172,
            0.06578380002077337,
            0.24481013745820746,
            0.08406238282200457,
            0.21836453024532368
        ]
    },
    "Best Population Age": {
        "0": [
            16.64835164835165,
            17.655172413793103,
            20.17472118959108,
            28.44,
            28.006666666666668,
            24.633333333333333,
            27.893333333333334,
            22.263333333333332,
            26.863333333333333,
            21.616666666666667,
            26.74,
            25.043333333333333,
            23.283333333333335,
            28.906666666666666,
            27.973333333333333,
            26.78,
            26.573333333333334,
            29.478927203065133,
            21.965384615384615,
            23.108,
            27.44333333333333,
            20.587360594795538,
            18.90344827586207,
            25.73489932885906,
            25.36200716845878,
            20.559670781893004,
            31.403333333333332,
            26.39,
            27.736666666666668,
            20.904761904761905,
            23.766666666666666,
            24.393129770992367,
            27.107744107744107,
            16.157692307692308,
            21.547717842323653,
            23.753333333333334,
            26.30666666666667,
            25.266666666666666,
            20.137931034482758,
            23.956666666666667,
            28.915824915824917,
            24.8561872909699,
            23.465384615384615,
            20.14,
            26.433333333333334,
            27.926666666666666,
            22.58053691275168,
            23.863333333333333,
            22.12751677852349,
            21.7319587628866
        ]
    },