{
    "Avg Population Size": {
        "0": [
            3.0717741935483875,
            2.4303333333333335,
            1.5172535211267604,
            2.5827777777777774,
            4.149111111111111,
            2.618060836501901,
            3.2614007936507936,
            3.676951672862454,
            3.2048373015873017,
            8.009936507936509,
            6.150111111111111,
            5.276833333333334,
            4.807944444444444,
            10.568888888888887,
            6.276833333333332,
            8.183650793650793,
            5.712555555555556,
            7.849111111111112,
            4.1465000000000005,
            7.729777777777778,
            11.110555555555555,
            5.729277777777778,
            7.207277777777778,
            6.397896825396825,
            5.656555555555555,
            3.659531746031746,
            5.764503968253968,
            7.950333333333333,
            6.597396825396825,
            8.550563492063493,
            6.075007936507937,
            6.641611111111112,
            3.7204034391534395,
            4.509955026455026,
            5.0617777777777775,
            5.3328875661375665,
            5.742611111111111,
            3.696444444444445,
            4.168948532948533,
            3.9199920634920637,
            7.42813492063492,
            10.026920634920634,
            3.987384920634921,
            4.808111111111112,
            8.382111111111112,
            5.926063492063491,
            3.691111111111111,
            5.10788888888889,
            5.796650793650794,
            7.10026984126984
        ]
    },
    "Avg Population Age": {
        "0": [
            10.4635102240949,
            11.030920773670774,
            10.921548873661548,
            12.83396532554548,
            13.690156815602549,
            12.17565707423122,
            14.24256563230944,
            14.010757833039435,
            15.093665061626329,
            14.927228093845466,
            15.400545346710354,
            16.325482924248657,
            16.235020549210567,
            16.504318235238916,
            16.298328590459423,
            15.425314776225077,
            16.14097059978428,
            15.359953802167672,
            16.649473156055645,
            16.05343109037115,
            16.639973049046027,
            16.02692012381304,
            16.4190472744904,
            15.599246385676155,
            15.441575754065658,
            15.947406108118203,
            15.88432325611926,
            15.680147075750543,
            15.598234605143046,
            14.841166176405489,
            15.944142782993522,
            15.29718460012728,
            15.978659708570278,
            15.757124069766636,
            15.726346533395427,
            16.05301302259853,
            15.724227069625298,
            16.398181598947208,
            15.999813033589337,
            16.280583383711534,
            14.800085764095975,
            15.146039801823985,
            17.13646718944034,
            16.18617653206799,
            15.975791154060202,
            15.996555035831804,
            16.688910001138126,
            16.354961323731633,
            15.702564024453837,
            15.758403211290807
        ]
    },
    "Avg Population Fitness": {
        "0": [
            0.22369164523345186,
            -0.010980859282742585,
            0.04571080006121949,
            -0.00038136125837654264,
            0.03563059019266335,
            0.27554841613612846,
            0.02083745334613545,
            0.10404243159899348,
            -0.03550082523651457,
            0.24254032722590674,
            0.17910099377990998,
            0.12089741239940137,
            0.23902811901314047,
            0.4075011113342331,
            0.13213301291820942,
            0.12467786579271484,
            0.1049148316549256,
            0.004499645190915855,
            0.010889104666827406,
            0.38694326037985577,
            0.4126672332009132,
            0.01025097668731365,
            0.4255802164644431,
            0.1157793072317914,
            -0.0030480725583154848,
            -0.044293362182504445,
            0.11102502872084333,
            0.3996975976656104,
            0.01098787936671151,
            0.3265263483649008,
            0.223830678011267,
            0.053393535173055416,
            -0.0951618647080351,
            -0.0792422313008268,
            -0.04236541827545341,
            -0.08605857487322198,
            -0.05474958915102919,
            0.062414498943839096,
            -0.16090256144519596,
            -0.1554124255978863,
            0.08879493957401707,
            0.26623347372047396,
            0.004691089533854973,
            0.31823816621545314,
            0.4570459019945198,
            0.05485762209062904,
            0.06661157272838293,
            0.1183696623070122,
            -0.07917342940035754,
            0.27991359862247356
        ]
    },
    "Best Population Age": {
        "0": [
            18.512096774193548,
            20.003333333333334,
            15.633802816901408,
            27.523333333333333,
            32.15,
            22.315589353612168,
            31.076666666666668,
            30.070631970260223,
            37.03666666666667,
            38.48,
            37.6,
            41.45,
            36.91,
            40.026666666666664,
            42.66,
            41.02333333333333,
            41.18666666666667,
            42.196666666666665,
            38.85,
            39.85333333333333,
            41.836666666666666,
            40.04,
            41.11,
            40.266666666666666,
            39.443333333333335,
            39.52,
            42.28,
            40.47,
            40.343333333333334,
            38.05,
            40.68,
            40.67,
            39.61333333333334,
            39.85333333333333,
            40.04333333333334,
            43.02333333333333,
            40.67,
            35.95,
            41.21,
            42.763333333333335,
            38.46,
            39.1,
            41.11333333333334,
            38.916666666666664,
            40.02333333333333,
            40.84,
            39.44,
            38.056666666666665,
            42.42666666666667,
            35.38666666666666
        ]
    },