{
    "Avg Population Size": {
        "0": [
            1.9363636363636363,
            1.6583850931677018,
            1.4054054054054055,
            2.777142857142857,
            1.669291338582677
        ],
        "1": [
            1.7142857142857142,
            1.1634615384615385,
            1.5316455696202531,
            2.25,
            1.3150684931506849
        ],
        "2": [
            2.95,
            4.986301369863014,
            2.7350993377483444,
            1.7906976744186047,
            3.2586206896551726
        ]
    },
    "Avg Population Age": {
        "0": [
            10.057727272727272,
            12.345755693581781,
            10.489189189189188,
            14.32265306122449,
            14.796587926509185
        ],
        "1": [
            10.945578231292515,
            9.927884615384615,
            11.531645569620252,
            11.608901515151516,
            10.068493150684931
        ],
        "2": [
            12.166223544973544,
            13.436845336930952,
            12.623454746136865,
            10.975083056478406,
            13.85652709359606
        ]
    },
    "Avg Population Fitness": {
        "0": [
            0.29722222222222217,
            0.11077777777777778,
            0.09268771178883539,
            0.2753669952829617,
            0.12071343688990747
        ],
        "1": [
            0.178922305764411,
            0.02712041045374379,
            0.13447488584474884,
            0.23175716601642526,
            0.045548654244306416
        ],
        "2": [
            0.3215430252560794,
            0.4899696383876858,
            0.30399266187956664,
            0.093409630614355,
            0.31614826768672927
        ]
    },
    "Best Population Age": {
        "0": [
            12.60909090909091,
            14.68944099378882,
            11.891891891891891,
            21.49142857142857,
            16.88976377952756
        ],
        "1": [
            14.020408163265307,
            10.846153846153847,
            12.050632911392405,
            14.829545454545455,
            11.397260273972602
        ],
        "2": [
            18.116666666666667,
            21.71917808219178,
            18.70198675496689,
            12.573643410852712,
            20.149425287356323
        ]
    },
    "Avg Number of Attacks": {
        "0": [
            0.6762121212121212,
            0.9409937888198758,
            0.9846846846846848,
            0.5324897959183673,
            0.5741469816272965
        ],
        "1": [
            0.6428571428571429,
            0.8846153846153846,
            0.9071729957805907,
            0.8712121212121212,
            0.815068493150685
        ],
        "2": [
            0.39855820105820106,
            0.506662268477337,
            0.2935036266162094,
            0.6088962716869692,
            0.4463601532567049
        ]
    },
    "Avg Number of Kills": {
        "0": [
            0.00425531914893617,
            0.0033333333333333335,
            0.0,
            0.004132231404958678,
            0.0
        ],
        "1": [
            0.00425531914893617,
            0.0,
            0.0,
            0.004132231404958678,
            0.0
        ],
        "2": [
            0.00425531914893617,
            0.0033333333333333335,
            0.0040650406504065045,
            0.0,
            0.0
        ]
    },
    "Avg Number of Intra Kills": {
        "0": [
            0.00425531914893617,
            0.0033333333333333335,
            0.0,
            0.004132231404958678,
            0.0
        ],
        "1": [
            0.00425531914893617,
            0.0,
            0.0,
            0.004132231404958678,
            0.0
        ],
        "2": [
            0.00425531914893617,
            0.0033333333333333335,
            0.0040650406504065045,
            0.0,
            0.0
        ]
    },
    "Avg Number of Populations": [
        1.3957446808510638,
        1.8566666666666667,
        1.6869918699186992,
        1.6198347107438016,
        1.5080645161290323
    ]
}