{
    "Avg Population Size": {
        "0": [
            4.174129353233831,
            2.4285714285714284,
            2.42,
            1.6333333333333333,
            1.0604026845637584
        ],
        "1": [
            2.6857142857142855,
            1.0,
            2.3790849673202614,
            3.66804979253112,
            4.103004291845494
        ],
        "2": [
            1.5205479452054795,
            1.173913043478261,
            2.018292682926829,
            4.816091954022989,
            3.7051282051282053
        ]
    },
    "Avg Population Age": {
        "0": [
            11.558247391083212,
            11.30326278659612,
            11.356666666666666,
            11.97314814814815,
            10.859060402684564
        ],
        "1": [
            10.754952380952382,
            11.590909090909092,
            10.66318082788671,
            11.124869920305606,
            12.654548241458112
        ],
        "2": [
            10.134703196347033,
            11.144927536231885,
            12.196341463414635,
            10.948783177231455,
            12.38748667049949
        ]
    },
    "Avg Population Fitness": {
        "0": [
            0.4501492311228705,
            0.3460054324760207,
            0.2282080200501253,
            0.1379163225984035,
            0.012174940898345154
        ],
        "1": [
            0.3368142578668894,
            0.0,
            0.18630817406327607,
            0.23724476406724307,
            0.3207743997552446
        ],
        "2": [
            0.07227294764059469,
            0.08955223880597014,
            0.24086805555555557,
            0.21864566896344412,
            0.19128894332849025
        ]
    },
    "Best Population Age": {
        "0": [
            18.28855721393035,
            15.97883597883598,
            15.29,
            14.627777777777778,
            11.409395973154362
        ],
        "1": [
            15.08,
            11.590909090909092,
            14.084967320261438,
            17.74273858921162,
            20.317596566523605
        ],
        "2": [
            11.849315068493151,
            12.710144927536232,
            15.579268292682928,
            19.701149425287355,
            18.666666666666668
        ]
    },
    "Avg Number of Attacks": {
        "0": [
            0.5247073959760526,
            0.6296296296296297,
            0.7091666666666667,
            0.6157407407407407,
            0.9798657718120806
        ],
        "1": [
            0.8198095238095238,
            0.8863636363636364,
            0.9681917211328975,
            0.9167094777053283,
            0.3856712433965653
        ],
        "2": [
            0.5707762557077625,
            0.45652173913043476,
            0.7342479674796747,
            0.5059516792275413,
            0.3709522433881408
        ]
    },
    "Avg Number of Kills": {
        "0": [
            0.003424657534246575,
            0.0,
            0.0,
            0.0,
            0.0033333333333333335
        ],
        "1": [
            0.0,
            0.0,
            0.0,
            0.00684931506849315,
            0.01
        ],
        "2": [
            0.0,
            0.0,
            0.0,
            0.00684931506849315,
            0.0
        ]
    },
    "Avg Number of Intra Kills": {
        "0": [
            0.003424657534246575,
            0.0,
            0.0,
            0.0,
            0.0033333333333333335
        ],
        "1": [
            0.0,
            0.0,
            0.0,
            0.00684931506849315,
            0.01
        ],
        "2": [
            0.0,
            0.0,
            0.0,
            0.00684931506849315,
            0.0
        ]
    },
    "Avg Number of Populations": [
        1.5376712328767124,
        1.2851063829787235,
        1.5977011494252873,
        2.037671232876712,
        2.0533333333333332
    ]
}